rank,mean_logpdf,depth,fail_time,path_rho,tree_index
1,35.05789020191596,12,12,-0.006124406698217455,83
2,34.975833068945775,48,48,-0.001436899456565728,705
3,34.84744680391395,17,17,-0.005935433098092885,937
4,34.83264462123946,39,39,-0.012770986553947775,1230
5,34.80388253411976,21,21,-0.004290145666575561,1818
6,34.80253675578694,28,28,-0.005942555285062295,1743
7,34.754431699131615,14,14,-0.006282201594723681,2632
8,34.75128820468817,44,44,-0.012164573304088842,1991
9,34.74438159278894,16,16,-0.017374172002660566,308
10,34.72461628095273,42,42,-0.013557926601502672,1027
11,34.723995067434814,29,29,-0.003629738926409075,3462
12,34.66640078138665,61,61,-0.0012796001001680116,2220
13,34.651682675056236,15,15,-0.0018115935513663833,2083
14,34.63949676920772,23,23,-0.0026194922678811905,428
15,34.62589773888377,10,10,-0.000470559749632643,1029
16,34.62203776542255,54,54,-0.019147594920523342,405
17,34.6196987116381,33,33,-0.0017108521916022607,2251
18,34.605809533913124,36,36,-0.003009415420167409,3152
19,34.591048954728606,37,37,-0.0005783195822536662,1053
20,34.590531271481936,34,34,-0.0009927330120761413,3354
21,34.575939753950024,20,20,-0.0033086799208785628,842
22,34.57461086690119,35,35,-0.0042854582047829395,2510
23,34.56155277447688,25,25,-0.029189672413994137,3361
24,34.54681941057077,35,35,-0.004146931877255622,1490
25,34.54521417093283,26,26,-0.00015571946687945037,2360
26,34.535651423423325,27,27,-0.002197467804924358,1394
27,34.5332538266306,21,21,-0.004650640111914753,3499
28,34.52570221602326,46,46,-0.0019424425112181884,2616
29,34.52238157641346,33,33,-0.0011978108657877025,1718
30,34.51243209889017,23,23,-0.0025578888512432993,2726
31,34.5055881683881,34,34,-0.00021897753002322884,1896
32,34.498314850755186,54,54,-0.022393375409068626,1601
33,34.49729302521112,38,38,-0.008056373782246835,2611
34,34.49334230589768,11,11,-0.017632099503919155,242
35,34.49003748717398,37,37,-0.015403911803995023,2466
36,34.48795105294725,42,42,-0.005165039330193931,297
37,34.48664794511852,26,26,-8.716812503309357e-05,1683
38,34.48554101567087,68,68,-0.002437025096944885,3345
39,34.48261715092262,38,38,-0.0059367818822246565,2874
40,34.48228731112675,23,23,-0.0023041350544046185,2138
41,34.47381932630743,67,67,-0.0011614256797560715,3605
42,34.443381779535294,10,10,-0.007819520428613586,1848
43,34.44196633462464,37,37,-0.00555732377465043,3168
44,34.43471119937744,56,56,-0.006349329876841905,2290
45,34.41805807436388,23,23,-0.003344644296768104,475
46,34.39926385548921,31,31,-0.0012288520491152179,2902
47,34.39548443230284,24,24,-0.02168166189021055,2625
48,34.39534831275973,37,37,-0.0008783828783851151,1098
49,34.39433174298258,37,37,-0.006064235750677355,2167
50,34.388216708366386,43,43,-0.0019483595497725992,2954
51,34.379707182221985,28,28,-0.0008047310224606995,2688
52,34.37700623857561,56,56,-0.0012846873271628867,1187
53,34.37207558251674,22,22,-0.00034180389508102135,3550
54,34.3563092569056,76,76,-0.0003586864609409768,1302
55,34.35209627319854,66,66,-0.0017995757923247174,72
56,34.34390971468701,45,45,-0.007410665510130483,234
57,34.34038051569392,21,21,-0.005336189377123893,284
58,34.332023746995475,35,35,-0.01470251669445314,2010
59,34.32392677074354,13,13,-0.003926314059140255,146
60,34.323901988662975,60,60,-0.005458655563052445,1840
61,34.30618001216515,51,51,-0.009260067758937118,943
62,34.29578665220845,70,70,-5.1336276724295304e-05,3051
63,34.285042594524676,50,50,-0.011849414960891057,194
64,34.28454962695565,35,35,-0.010443448826373422,2767
65,34.28187468857004,38,38,-0.0017027197022269208,514
66,34.276792440005984,34,34,-0.008855347089582633,2713
67,34.272442324480814,29,29,-0.0025160328333773754,3494
68,34.26642551495899,20,20,-0.0026573909100452014,1274
69,34.255550318805994,22,22,-0.001065122279021842,2739
70,34.2545587767719,21,21,-0.0021380635675544504,455
71,34.25245285405428,27,27,-0.006226515400913686,2859
72,34.23677901797169,56,56,-0.007638816207666516,662
73,34.23543380370721,54,54,-0.007858110580956236,3147
74,34.230969689849346,45,45,-0.013551281309883735,2368
75,34.21715670273554,19,19,-0.004544911323889518,3248
76,34.21433933908747,70,70,-0.016678209697559315,3449
77,34.212157748486874,49,49,-0.0020965318613495876,3537
78,34.2059779108597,54,54,-0.0009407478943143192,1456
79,34.19340618871006,40,40,-0.0015565467069432667,3280
80,34.192320109194455,81,81,-0.0031637523076290253,3122
81,34.189137342783155,51,51,-0.0027221632618229866,3204
82,34.188337678143746,30,30,-0.00461204680028951,2440
83,34.17866980816711,8,8,-0.0010686006488112298,457
84,34.167633525233256,69,69,-0.0014216798575825834,1359
85,34.16741236968144,33,33,-0.016198635347070327,3382
86,34.16652481028369,65,65,-0.002983918497773054,2002
87,34.1497839086729,44,44,-0.0007939323004332553,2026
88,34.13427565609205,53,53,-0.005005330660517372,2915
89,34.12293949809345,18,18,-0.01293783676393219,2930
90,34.12029822339325,25,25,-0.009210228750530645,2236
91,34.11976105599232,24,24,-0.0014100404704224662,2868
92,34.117679442707384,58,58,-0.005276956973855176,2113
93,34.115148876495724,49,49,-0.0050157312382309235,2687
94,34.10584600899294,18,18,-0.0035275703304504247,1190
95,34.10244978552792,16,16,-0.0009737784632717281,556
96,34.101361810175966,56,56,-0.010909796715188859,1562
97,34.10096144197685,33,33,-2.0571308472737415e-05,2731
98,34.09228798158644,33,33,-0.001942515934472755,597
99,34.08464798697598,29,29,-0.0015409748864878212,2114
100,34.08297031978812,40,40,-0.00022045628325435482,618
101,34.07764857958263,58,58,-0.0029098490762145685,1662
102,34.07200532068235,17,17,-0.010973714590881686,905
103,34.07148006480945,37,37,-0.013511351964476864,1798
104,34.069817205581245,36,36,-0.0015181163389543853,3058
105,34.068493220425346,51,51,-0.007208829343943415,2396
106,34.06846063920634,16,16,-0.0001376250362247894,821
107,34.064441002201896,19,19,-0.008389853449355382,1814
108,34.06203783770048,33,33,-0.00046361671482674643,2638
109,34.060649954613595,39,39,-0.0021338574998199453,891
110,34.05254534915643,24,24,-0.002227749083049277,1872
111,34.051079132846766,22,22,-0.012829262883169955,2434
112,34.04513054328969,14,14,-0.0042635246467336504,2627
113,34.04468097390575,20,20,-0.0005679638229982749,441
114,34.02006152643205,55,55,-0.0005520556463152471,3320
115,34.01943601066416,23,23,-0.01491502332799851,2461
116,34.01479649373572,27,27,-0.013383792721265532,1161
117,34.01182598823202,45,45,-0.023693000011873536,2865
118,34.00403193843927,19,19,-0.009736291956585756,2234
119,34.000598012232025,22,22,-0.0010989051377949845,1649
120,33.99462057533118,30,30,-0.00032773944010132047,2049
121,33.9927916167272,41,41,-0.010470936192398278,797
122,33.99149256132653,23,23,-0.013498652505674384,2198
123,33.99012707723664,70,70,-0.0028438809952313904,2843
124,33.987621467385594,19,19,-0.009684189400329904,2408
125,33.980859329454304,18,18,-0.0009959882986319106,2733
126,33.972746856623,24,24,-0.013246330443259187,1516
127,33.970517030972374,30,30,-0.0027769604837856662,3222
128,33.97008389531093,57,57,-0.0044713312764896734,2566
129,33.96630370383745,34,34,-0.0017898015007879464,988
130,33.96388228730882,33,33,-0.03225000266960155,335
131,33.95255579332317,69,69,-0.013403180876951963,764
132,33.91714374242886,31,31,-0.003070769893348292,3438
133,33.90631510288944,47,47,-0.00191773600078321,551
134,33.8960532497861,42,42,-0.012990358995075856,1751
135,33.86883365769968,23,23,-0.0010115272899859848,2924
136,33.86793169188295,8,8,-0.008802840937886663,410
137,33.8653331104348,28,28,-0.0020318226162873224,969
138,33.84361944521754,21,21,-0.0002894442907383499,1492
139,33.79006937944496,30,30,-0.025715709514555464,2553
140,33.778397873844945,12,12,-0.0003258159463584015,1003
141,33.77035929556765,28,28,-0.005386380447260884,137
142,33.76982186608654,6,6,-0.0015380290566253951,6
143,33.7465715118508,7,7,-0.010549916917215435,459
144,33.72898380799712,45,45,-0.002080687006382899,2418
145,33.69666535438941,35,35,-0.00800678728968638,3481
146,33.68959830539592,20,20,-0.00033130758893804707,2728
147,33.65961598991666,20,20,-0.0019893528628171717,1518
148,33.658520150472874,28,28,-0.00011570131918439697,407
149,33.657344755224855,10,10,-0.0010932782579600453,112
150,33.6417549478612,27,27,-0.0012170782794949618,2020
151,33.620287521087654,24,24,-0.002286604515032903,105
152,33.597596926864036,18,18,-0.01706216034053777,1669
153,33.591943856057625,13,13,-0.0024252810088773377,499
154,33.51903433879726,42,42,-0.0016766052720599209,1113
155,33.5037210547428,13,13,-0.00021710751835742753,480
156,33.49906747222715,18,18,-0.017725881003639733,1197
157,33.48040997936601,54,54,-0.00349041690305138,1464
158,33.45536212180142,35,35,-0.0022556815688603016,2146
159,33.43547466310257,14,14,-0.014889422341429821,1205
160,33.41574583038257,13,13,-0.001306490499638234,837
161,33.30586268225053,18,18,-0.010966707875042572,3113
162,33.016102583174714,9,9,-0.007095384778024433,1108
163,33.01490191540388,12,12,-0.003801283853577829,1603
164,32.9992794435407,11,11,-0.0029200608591202284,3608
165,32.9985008998946,25,25,-0.007029266205016933,813
166,32.726005527788075,9,9,-0.00275705175910515,1304
