#{"t_start": 1790447351.6560879, "env_id": "None"}
r,l,t
-103.779564,5,0.850971
-104.91632,8,0.864717
-106.77661,6,0.875166
-88.416534,26,0.921586
-99.568924,14,1.256994
-80.80238,25,1.301046
-92.63602,17,1.621829
-112.5566,11,1.641395
-101.4509,13,1.667303
-109.26106,10,1.685617
-106.895905,8,1.698951
-85.57535,38,2.056778
-114.127525,41,2.42285
-106.89602,10,2.439994
-122.44292,32,2.787517
-121.027794,19,2.824827
-92.49333,14,2.849443
-109.56292,9,3.15671
-87.74638,24,3.198848
-110.04935,7,3.211797
-96.85562,12,3.235495
-104.21505,23,3.570071
-91.47382,38,3.928558
-103.87584,6,3.941473
-103.8433,13,3.965263
-97.67136,10,3.982627
-119.20553,18,4.304626
-103.71335,4,4.311729
-103.29683,11,4.330111
-107.38823,17,4.362266
-113.53725,8,4.377167
-94.50114,33,4.726649
-108.19616,15,4.753564
-103.3987,7,5.059364
-97.951836,20,5.096829
-99.32182,7,5.108453
-99.415474,17,5.137791
-105.423805,5,5.438774
-111.619415,36,5.502816
-104.053055,5,5.511179
-104.40955,6,5.521101
-108.746346,16,5.842907
-104.96019,8,5.856861
-113.02755,30,6.202375
-92.727646,26,6.254508
-99.94467,21,6.291061
-117.102745,20,6.618268
-101.56566,19,6.653576
-93.735886,17,6.97484
-110.11061,12,6.996207
-108.53325,33,7.055274
-105.81752,14,7.373132
-109.73418,11,7.392569
-106.78257,9,7.408508
-121.3248,36,7.764676
-102.44865,36,8.128429
-110.95051,12,8.148927
-106.33383,6,8.158829
-101.97747,46,8.53561
-88.97386,40,8.897274
-89.149574,40,8.969546
-97.37357,12,9.28493
-100.46491,18,9.315151
-96.59037,21,9.64639
-105.344345,8,9.659588
-104.72188,5,9.667859
-101.06207,10,9.68536
-108.51499,6,9.695645
-89.827545,23,10.031241
-89.57701,24,10.076739
-109.72557,9,10.091547
-108.32644,18,10.414584
-108.7038,9,10.429838
-112.57695,19,10.465869
-116.65246,19,10.790216
-103.1007,10,10.808178
-108.62542,23,10.847704
-105.68166,10,10.864683
-104.87791,8,11.172273
-101.40391,17,11.206978
-95.63135,10,11.224493
-120.572845,19,11.255931
-98.47577,17,11.57878
-87.183945,15,11.608242
-107.35404,6,11.619589
-101.54287,11,11.638639
-120.06207,11,11.952191
-103.6137,4,11.958888
-126.53995,46,12.329208
-102.29497,8,12.34535
-113.68549,23,12.385823
-118.57417,16,12.708552
-100.50292,34,12.771644
-145.25436,31,13.118622
-111.42073,24,13.163108
-99.778755,24,13.494649
-94.447784,22,13.531874
-122.39924,17,13.858255
-107.74478,6,13.869084
-103.47549,7,13.881118
-113.24405,12,13.904089
-102.7264,8,13.917704
-105.79339,4,13.924394
-98.619934,8,14.230579
-113.74534,11,14.249444
-112.204445,12,14.270497
-103.25227,9,14.286225
-98.17582,10,14.305974
-99.1434,7,14.610926
-122.38708,28,14.658963
-107.66207,6,14.669855
-79.40097,46,15.049115
-104.36492,10,15.067891
-91.85846,16,15.392122
-101.73104,6,15.402046
-104.85666,6,15.412018
-105.040764,29,15.465169
-102.3247,6,15.769103
-93.84004,13,15.790514
-119.104805,12,15.812779
-109.25837,10,15.829265
-106.34136,15,16.147597
-101.01969,9,16.166662
-100.886116,13,16.188264
-100.37333,6,16.19825
-104.256966,10,16.215818
-103.80327,5,16.224536
