time,observed_power,desired_power,drum_1,drum_2,drum_3,drum_4,drum_5,drum_6,drum_7,drum_8,actual_power,c1,c2,c3,c4,c5,c6,Tf,Tm,Tc,Xe,I,diff
0.0,1.0,1.0,77.8,77.8,77.8,77.8,77.8,77.8,77.8,77.8,1.0,1.0,1.0,1.0,1.0,1.0,1.0,832.4,830.22,814.35,1.0211272127599268e+19,1.1698434407665506e+19,0.0
1.0,0.9276785254478455,1.0,77.79777291156351,77.79727629986591,77.79993333616294,77.80135003589093,77.8000851633522,77.7996796650812,77.79929410044569,77.80108170427847,1.0000907369039789,1.0000008669787686,1.000002146926987,1.000007587916462,1.0000188591631751,1.0000580863135742,1.0000867877153907,832.4011025057631,830.2201652821482,814.3497535537192,1.02112721192191e+19,1.1698434430666467e+19,0.00907369039788719
2.0,1.0394574403762817,1.0,77.79567567184567,77.79461187422275,77.79968914123019,77.80262382510118,77.80019234002684,77.79936188981519,77.79860434414586,77.80218561571091,1.000075269009862,1.000001940088148,1.0000047587102943,1.000016137534854,1.000036651388924,1.0000778395641448,1.00008401575342,832.4017135200407,830.2203699660168,814.3495566929333,1.0211272108726815e+19,1.1698434459466734e+19,0.007526900986198903
3.0,0.9623283743858337,1.0,77.7933165947441,77.79188902112655,77.79982760171406,77.80405222317204,77.80024646405654,77.79909801443573,77.79789035209687,77.8031912792474,1.0000455088172329,1.0000026959951294,1.0000065377112521,1.0000211069738494,1.0000431781193182,1.0000634883970612,1.0000610165098822,832.4017714977778,830.2205758519779,814.3494038649521,1.0211272101172554e+19,1.1698434480205423e+19,0.004550881723286437
4.0,0.903717577457428,1.0,77.7911960014142,77.78917923751287,77.79960845144232,77.80534202961717,77.80034994927409,77.7987468177278,77.79719175073551,77.8043204681715,1.0000091340807193,1.000003019674885,1.0000072159862492,1.0000218618167112,1.0000389671653895,1.000034011878284,1.0000224012008274,832.4014688886188,830.220756986069,814.3492877900342,1.021127209770866e+19,1.1698434489718989e+19,0.0009134080719341853
5.0,1.0332225561141968,1.0,77.78910289024934,77.78655259911902,77.7993615776184,77.80661138293799,77.80045556708937,77.79846018271637,77.79651136627653,77.80539514783304,0.9999674297006221,1.000002841166099,1.0000066416364055,1.0000182128483164,1.0000253135497885,0.9999966067592426,0.9999818572790511,832.4009353884554,830.2208984076474,814.3492006882826,1.021127209906499e+19,1.1698434486003243e+19,-0.0032570299377865375
6.0,0.9874208569526672,1.0,77.78673104075715,77.78384790774435,77.79952071899315,77.8080470618559,77.8005066236481,77.79821389126009,77.79580066266935,77.80638136605266,0.9999222337601757,1.0000021141827227,1.0000047237760215,1.0000101877729453,1.0000036383481397,0.9999542346994491,0.9999367907380649,832.4002528645285,830.2209921870489,814.3491350285445,1.021127210575058e+19,1.1698434467659913e+19,-0.007776623982425068
7.0,1.0495872497558594,1.0,77.78455790709704,77.7811193512287,77.79937347741797,77.8093678572448,77.80060284686333,77.79786812756792,77.79509638559539,77.80749656185507,0.9998724010475832,1.0000007973762068,1.0000013849949059,0.9999978466614344,0.9999750587201561,0.9999076964069086,0.9998878935023375,832.3994649417888,830.2210344807871,814.3490839171204,1.0211272118231966e+19,1.169843443340726e+19,-0.012759895241676311
8.0,0.9834067821502686,1.0,77.78223526543006,77.77836275189183,77.7994459451409,77.81077621837612,77.80066945330763,77.79755682388786,77.7943802562775,77.80855358422268,0.9998190071178382,0.9999988415443886,0.999996529676672,0.999981171920224,0.9999402263840158,0.9998567876401048,0.9998343332306613,832.3985878884748,830.221023167476,814.3490412209476,1.0211272137056905e+19,1.1698434381740515e+19,-0.0180992882161779
9.0,1.0209848880767822,1.0,77.78008578130975,77.7756294095423,77.79926424847217,77.81208356278948,77.8007692023646,77.79719600973185,77.79367541784886,77.80968507071957,0.9997618471439348,0.9999962118739861,0.9999900991900752,0.9999602666085716,0.9998999062534807,0.9998022679739041,0.9997777084808018,832.3976367343412,830.220957174569,814.3490015583296,1.0211272162639776e+19,1.1698434311520862e+19,-0.02381528560652102
10.0,0.9431112408638,1.0,77.77780797630548,77.77289687138982,77.79927436956204,77.81346354954876,77.80084316940047,77.79688817432616,77.79296572315506,77.81074546191375,0.9997019934920788,0.9999928733719323,0.9999820352478744,0.9999352179621075,0.9998546514047774,0.9997443380387074,0.9997178994023186,832.3966174210473,830.2208359779474,814.3489602539183,1.0211272195401023e+19,1.1698434221592736e+19,-0.02980065079212224
11.0,0.9884766340255737,0.998,77.77570183500647,77.77021306864917,77.79903724284377,77.81474369550124,77.8009488343494,77.79655186285963,77.79227618111763,77.81186336344108,0.9996393690667617,0.9999888034694313,0.9999723109576751,0.9999062066841616,0.9998051149119158,0.9996837082829696,0.9996559000253248,832.3955386590146,830.2206595532671,814.3489132759063,1.021127223564498e+19,1.1698434111119188e+19,0.16393690667616534
12.0,1.0083101987838745,0.996,77.7734401286114,77.76753004426136,77.79903157824883,77.81611158030573,77.80102492737642,77.7962750444538,77.79158172798343,77.81289656991139,0.9995749058421463,0.9999839799900607,0.9999609005691442,0.9998733953165742,0.9997517823970369,0.9996206065355371,0.9995916117664407,832.3944039137876,830.2204281348489,814.3488571751446,1.0211272283674993e+19,1.1698433979265876e+19,0.3574905842146259
13.0,0.9688804745674133,0.994,77.77118726815097,77.76481421007774,77.79900536052882,77.81747589302249,77.80110503890027,77.79596096941968,77.79088530644076,77.81396569330245,0.9995083342078798,0.9999783903306947,0.9999478020562627,0.9998370081743143,0.9996951995760098,0.9995555706831446,0.9995256973230887,832.3932192587044,830.2201422700273,814.3487890228212,1.021127233970432e+19,1.1698433825445683e+19,0.5508334207879773
14.0,0.9008749127388,0.992,77.76902117575519,77.76212169737555,77.79885461537633,77.81878732920158,77.8012024519383,77.79563094612676,77.79019953340757,77.81506504509598,0.9994396036828985,0.9999720160392073,0.9999329986085131,0.9997971929991196,0.99963563959938,0.9994883699687601,0.9994575245593471,832.3919829821784,830.2198025174192,814.3487063516454,1.0211272404004344e+19,1.1698433648911895e+19,0.7439603682898532
15.0,1.0062484741210938,0.99,77.7669373894576,77.75950586372055,77.79859666492557,77.82005170343909,77.80131407407752,77.79533779011108,77.78953453300055,77.81614706101827,0.99936942786349,0.9999648433829705,0.9999164850680932,0.9997541209609487,0.9995734026603588,0.9994192824757094,0.9993875972598505,832.3906963245495,830.2194093434418,814.3486070829656,1.02112724768031e+19,1.1698433449036704e+19,0.9369427863490043
16.0,1.0223348140716553,0.988,77.76460544760339,77.75683717471547,77.79870286579244,77.82146009018179,77.80137579615693,77.79509125671466,77.7888494432671,77.8171386207221,0.999298519821834,0.9999568689984134,0.9998982816407994,0.9997080328633485,0.9995089245688439,0.9993489899157288,0.9993167874304852,832.3893656884467,830.2189634305229,814.3484894761997,1.0211272558229936e+19,1.1698433225463136e+19,1.1298519821834052
17.0,1.0077877044677734,0.986,77.76234179590828,77.75410834555514,77.79869019875768,77.82283150458242,77.80145996094215,77.79475957089453,77.78816037428332,77.81822132815141,0.999225871772293,0.9999480900825044,0.9998784090987957,0.9996591460491134,0.9994425245235988,0.9992775531315345,0.999244835417559,832.3879935652607,830.2184657273027,814.3483521035196,1.021127264840895e+19,1.1698432977848578e+19,1.3225871772293063
18.0,1.0213978290557861,0.984,77.7601196788717,77.75138716767542,77.79861918378155,77.82417657489422,77.80155162230658,77.79441376104369,77.78747717088554,77.8193226254778,0.9991515692548448,0.9999384926679805,0.9998568599305804,0.9996075579215647,0.9993742059597799,0.9992043926017995,0.9991708938564465,832.3865739243166,830.2179168875479,814.3481938041083,1.0211272747572748e+19,1.1698432705552587e+19,1.5151569254844843
19.0,1.0525799989700317,0.982,77.75786107634194,77.74866524729877,77.79860379548045,77.82554491732735,77.80163634945056,77.79408004179713,77.78679471365176,77.8204069231404,0.9990762268007944,0.9999280701184585,0.9998336445724529,0.9995534177706125,0.9993041266533694,0.999129847420199,0.9990957379275672,832.385107818657,830.2173173814708,814.3480136224142,1.021127285588474e+19,1.1698432408124566e+19,1.7076226800794458
20.0,1.0373674631118774,0.98,77.75556002412922,77.74591444265097,77.79864521634299,77.82693703840486,77.80171627872623,77.79373172357445,77.78610860103508,77.82149565436411,0.9989999123189931,0.9999168210178339,0.9998087858041759,0.9994969025413342,0.9992325072932985,0.9990542629893889,0.9990196942090883,832.3835985340666,830.216667814283,814.3478107796967,1.0211272973458545e+19,1.169843208525056e+19,1.8999912318993117
21.0,1.0111879110336304,0.981,77.75331624150276,77.74315865100361,77.79860255018575,77.82829673280939,77.80180591468233,77.79336089548887,77.78542243393603,77.82261671551969,0.9989224101477003,0.9999047423134548,0.9997823015896988,0.9994381551815582,0.9991594726110719,0.9989775994203937,0.9989425400792072,832.382046384694,830.2159688459512,814.347584657972,1.0211273100423737e+19,1.1698431736572785e+19,1.7922410147700352
22.0,0.9856815934181213,0.982,77.75110097993165,77.74042924162931,77.7985177484923,77.82964066178538,77.80190051867685,77.79300545232836,77.78474130081013,77.82372996078338,0.9988440386298011,0.9998918305894537,0.9997542083643558,0.9993772999912991,0.9990851089512687,0.9988998658801063,0.9988643331244481,832.3804512457958,830.2152210613933,814.347334774971,1.0211273236913836e+19,1.1698431361722604e+19,1.6844038629801106
23.0,1.0276296138763428,0.983,77.74890749501064,77.73773184879683,77.79841004383051,77.83096992510836,77.80199450754735,77.79267035417142,77.78406573140528,77.82482722571585,0.9987651353825419,0.9998780878159953,0.9997245352580368,0.9993144939885765,0.9990095928117506,0.9988213877188924,0.998785536146923,832.3788163112537,830.2144251159505,814.3470607636689,1.0211273383010642e+19,1.1698430960473303e+19,1.5765135382541873
24.0,0.976287841796875,0.984,77.74661604752764,77.73501236708834,77.79844259099336,77.83235535183921,77.80207124299777,77.79235419675824,77.78338060104288,77.8258890093537,0.9986859306365454,0.9998635193077667,0.9996933188134798,0.9992499060869869,0.9989331240332168,0.9987424362577529,0.9987063889401492,832.3771453214661,830.2135818351069,814.3467623664061,1.0211273538763321e+19,1.1698430532687712e+19,1.4685930636545441
25.0,0.8603041172027588,0.985,77.74445543084293,77.73231569370255,77.79828471295768,77.83366645565256,77.80217149178206,77.79200673180166,77.78270450346172,77.827003666386,0.9986059916596446,0.999848129965187,0.9996605935414038,0.9991836830747426,0.9988558373551975,0.9986630030790762,0.9986267270604792,832.3754397622446,830.2126921610947,814.3464394316107,1.0211273704224311e+19,1.1698430078219682e+19,1.36059916596446
26.0,0.9779714941978455,0.986,77.74245515647344,77.72973718675784,77.79791711362195,77.83488427517004,77.80229962114826,77.79170739014516,77.78205513361608,77.82810791949741,0.9985258788831678,0.9998319225023165,0.9996263876711535,0.9991159381649768,0.9987777929856426,0.9985830385217113,0.9985465452018845,832.3736994193881,830.2117569451576,814.3460918986136,1.0211273879466727e+19,1.169842959686629e+19,1.2525878883167807
27.0,1.061633586883545,0.987,77.74013336789794,77.72711224104278,77.79801697736256,77.83628462436609,77.80235842917754,77.79149312189547,77.78138023540377,77.82906823070952,0.9984464631573231,0.9998149107961066,0.9995907562432522,0.9990468695108313,0.9986992740305173,0.9985032281293801,0.9984668542938107,832.3719314984481,830.2107772259374,814.3457197856789,1.0211274064455354e+19,1.1698429088721932e+19,1.1446463157323117
28.0,1.1055285930633545,0.988,77.73777907104231,77.72436262709088,77.79814047207473,77.8377121400088,77.8024229415576,77.79118601364898,77.78068052524468,77.83011603787308,0.9983665046269065,0.9997971092016622,0.9995537540906584,0.9989766572569982,0.9986204878836297,0.998423605277227,0.9983872783744818,832.37013958881,830.2097543798584,814.3453232042694,1.0211274259148388e+19,1.1698428553899108e+19,1.036650462690647
29.0,0.9795993566513062,0.989,77.73543121032417,77.72154173622839,77.79824376645847,77.83913794562686,77.80249489184352,77.79081158754416,77.77996768110897,77.83122568974504,0.9982853831445145,0.9997785147469123,0.9995153919817333,0.9989053137870861,0.9985412277384297,0.9983432000107975,0.9983064786686096,832.368314936502,830.2086894152915,814.3449023459474,1.0211274463670039e+19,1.1698427992054665e+19,0.9285383144514547
30.0,0.9984747767448425,0.99,77.73334495974704,77.71879862756468,77.79797299315105,77.84041345661971,77.8026092241751,77.79040503293508,77.77927599051036,77.83241203335346,0.9982031251931607,0.99975912267914,0.9994756758870904,0.9988328349981711,0.9984613080212087,0.998261723186947,0.9982244994769542,832.3664519175965,830.2075828300817,814.3444574310761,1.0211274678162176e+19,1.1698427402796931e+19,0.8203125193160687
31.0,1.0362153053283691,0.9805,77.73109733611345,77.71611049859784,77.79794531773659,77.84177051258739,77.80269254777231,77.79009276228025,77.77860428772401,77.83347610944183,0.9981214064604407,0.9997389368614623,0.9994346328197573,0.9987592929214231,0.9983807845765869,0.9981797508004092,0.9981423803268841,832.3645536867635,830.2064349926958,814.3439886780576,1.0211274902684072e+19,1.1698426785960925e+19,1.7621406460440636
32.0,0.9784002900123596,0.971,77.72880152142606,77.7133945563808,77.7979873241682,77.843159040506,77.8027728240384,77.78976151301758,77.777937807329,77.8345484429854,0.9980402085718278,0.9997179775957645,0.9993923296197719,0.9986848930013823,0.9983000359457477,0.9980982711917696,0.9980611456973626,832.3626320251775,830.2052468473604,814.3434963230787,1.021127513713521e+19,1.1698426141820221e+19,2.7040208571827873
33.0,1.013897180557251,0.9615,77.72664120648987,77.71072124498896,77.79783595433109,77.84446721228305,77.80287948851473,77.78939691419946,77.77729822440305,77.83567209286848,0.9979589869079439,0.9996962572974034,0.9993488121525318,0.9986097515488307,0.998219174501602,0.9980170233817639,0.997979988063624,832.36068840634,830.2040196271646,814.3429806572727,1.0211275381488857e+19,1.169842547044591e+19,3.6458986907943913
34.0,0.9652389883995056,0.952,77.7243597779423,77.70805581817403,77.79786612743628,77.84584287886973,77.80296656678256,77.78907482164213,77.77666839050362,77.83673386044102,0.9978784282714198,0.9996737878903603,0.9993041240844797,0.9985339703919571,0.9981382836389017,0.9979360262596512,0.9978991379931383,832.3587240527723,830.2027544972071,814.3424420225471,1.0211275635721675e+19,1.1698424771899754e+19,4.587842827141985
35.0,1.1046537160873413,0.9425,77.72219788767397,77.70542862401344,77.79772689535166,77.84715045180637,77.80307868515665,77.78872390307951,77.776063033042,77.83784263128182,0.9977982761989407,0.9996505877119528,0.9992583238968173,0.9984576962147219,0.9980575571376575,0.997855600333213,0.997818968334386,832.3567436585736,830.2014527978753,814.3418808081991,1.0211275899746683e+19,1.1698424046418209e+19,5.529827619894068
36.0,0.9484256505966187,0.933,77.71975373122841,77.70272140642628,77.79800926455646,77.8486270164838,77.80314037782664,77.78840372476843,77.77544445534004,77.83887257381575,0.9977190903007009,0.9996266726333406,0.9992114627602579,0.9983810410244076,0.9979770950176132,0.9977757556656971,0.997739420260108,832.3547488690575,830.2001159067922,814.3412974540229,1.021127617349864e+19,1.1698423294178089e+19,6.471909030070089
37.0,1.0096876621246338,0.9235,77.71771014034748,77.70008802781813,77.7977014758333,77.84986999824177,77.80327980919974,77.78797028863919,77.77486595856026,77.8400761005585,0.9976394845241644,0.9996020589024036,0.9991635915789584,0.9983041077562579,0.9978969700482179,0.9976963712079544,0.9976601838737789,832.3527404149077,830.198745277971,814.3406924477549,1.021127645690648e+19,1.1698422515372214e+19,7.413948452416442
38.0,1.0205888748168945,0.914,77.71539985826239,77.69748862036504,77.79778994338703,77.8512575644534,77.80336880155373,77.7876604732708,77.7743015015265,77.84111187340459,0.9975610646102042,0.9995767541573137,0.9991147390389333,0.9982269180187294,0.9978170773519547,0.9976171579477162,0.9975811175631251,832.3507146809117,830.197341995572,814.3400663058455,1.021127674998085e+19,1.1698421709969117e+19,8.356106461020419
39.0,0.9444206357002258,0.9045,77.71312747262418,77.69486497733742,77.79781800145865,77.85262224632315,77.80347200257238,77.78729527409887,77.77374713787576,77.84220244806492,0.997483380907388,0.9995507847111751,0.9990649792295883,0.998149651831419,0.9977377237842836,0.997539003245868,0.9975034363993882,832.3486811993558,830.1959074536677,814.3394195632278,1.0211277052550482e+19,1.1698420878436661e+19,9.2983380907388
40.0,1.0157768726348877,0.895,77.71099906340241,77.69231152972206,77.7976461425249,77.85390254815574,77.80360226094199,77.78692085326183,77.77322299756342,77.84332674032775,0.9974061246810073,0.9995241640917076,0.9990143531504803,0.9980723616870392,0.9976588715272738,0.9974613860621352,0.997426052752666,832.3466374933151,830.1944430742094,814.3387527920075,1.021127736456465e+19,1.1698420020911878e+19,10.240612468100728
41.0,0.9677802920341492,0.8855,77.70866893529892,77.68974738912657,77.79777412539697,77.85529679218307,77.8036956237891,77.786602558085,77.77270485578337,77.84435972782084,0.9973301842501275,0.9994969105067584,0.9989629125705107,0.9979951374978412,0.9975806034318401,0.997384570170722,0.9973496420952164,832.3445860579205,830.1929501596796,814.3380665857045,1.0211277685925843e+19,1.169841913766023e+19,11.183018425012758
42.0,1.0021191835403442,0.876,77.70648849820718,77.68720148615539,77.79767983963829,77.85660281830933,77.80382347598497,77.78622410994721,77.77220691305119,77.84547255573561,0.9972547681040035,0.9994690465861731,0.9989107190582263,0.9979180980804798,0.9975030675972791,0.9973087607623726,0.9972742642505398,832.3425308768342,830.1914302218592,814.3373615624472,1.0211278016491323e+19,1.1698418229071331e+19,12.125476810400349
43.0,1.0493299961090088,0.8665,77.70419729147106,77.68466141163371,77.79775037888321,77.8579699636437,77.80393323974276,77.78587989713996,77.77172115521971,77.8465318672941,0.9971803179111759,0.9994405864328663,0.9988578119483863,0.9978412789553169,0.9974262062017006,0.9972336134967663,0.9971994355900302,832.34046959665,830.1898846136465,814.3366383648151,1.021127835619828e+19,1.1698417295315458e+19,13.068031791117585
44.0,1.0861972570419312,0.857,77.70185824059881,77.68207911187783,77.7978909586498,77.85936635995749,77.80403827115951,77.78550294083543,77.77123987460509,77.84761106317164,0.9971066812837487,0.9994115508652515,0.9988042463587408,0.9977647709597436,0.9973501189375816,0.9971594113067339,0.9971256599012176,832.3384054283713,830.1883146970832,814.3358976470123,1.0211278704917115e+19,1.1698416336746201e+19,14.01066812837487
45.0,1.0101851224899292,0.8475,77.6994989017956,77.67945874407887,77.79805420803022,77.86077626545448,77.80414606709091,77.78508354325895,77.77076595504768,77.84872362135211,0.9970334960595175,0.9993819547279894,0.9987500615586554,0.9976886052852134,0.9972747565892137,0.997085862138109,0.9970523921613279,832.3363366733806,830.1867217684204,814.3351400747007,1.0211279062573492e+19,1.169841535356553e+19,14.953349605951749
46.0,0.9686025977134705,0.8380000000000001,77.69730255957693,77.67689441349357,77.79797873417264,77.86208991759922,77.80428632170951,77.784631378029,77.77031804989092,77.84989407310495,0.9969605540588778,0.9993518093988856,0.9986952874929171,0.9976127814378819,0.9972000147818519,0.9970127120934423,0.9969794089329606,832.3342606504816,830.1851068943384,814.3343663101548,1.021127942912483e+19,1.1698414345888246e+19,15.896055405887777
47.0,0.9475041031837463,0.8285,77.69510430092923,77.67441428774036,77.79792342321598,77.863398473314,77.8044246994803,77.78423985842964,77.76989910237607,77.85100577935809,0.9968887832588529,0.9993211290278158,0.9986399604337476,0.9975373253039355,0.9971258861550791,0.9969401661031181,0.9969071753116434,832.3321784965269,830.1834709960586,814.3335769962172,1.021127980450048e+19,1.1698413313906205e+19,16.838878325885286
48.0,1.0292494297027588,0.8190000000000001,77.69289721520617,77.6719847521279,77.79788599167368,77.86470820412505,77.80456424771982,77.78387970161275,77.7695035413606,77.85208381690317,0.9968185018708822,0.9992899387951741,0.998584143198076,0.9974623565174225,0.997052598493037,0.9968688964411432,0.9968365119331845,832.3300981006232,830.1818152879597,814.3327727649071,1.0211280188521245e+19,1.1698412258109213e+19,17.78185018708821
49.0,1.0188852548599243,0.8095,77.69052841253578,77.66950866715051,77.7980908416619,77.86611599575262,77.8046748250752,77.78353221875732,77.76910846419632,77.85312048626365,0.9967496985449293,0.9992582638392008,0.9985278973058536,0.9973879836793044,0.9969803222599469,0.9967990546113906,0.996767330279092,832.3280241297043,830.1801412778985,814.3319542652425,1.021128058100523e+19,1.1698411178994524e+19,18.724969854492933
50.0,1.030593752861023,0.8,77.68825298426673,77.66701532080769,77.79814973460161,77.86746631895657,77.80480908023019,77.78311305310926,77.76872656486812,77.85423657858045,0.9966813824665606,0.9992261242501881,0.9984712706154285,0.9973142615992274,0.9969090759379275,0.9967303161519826,0.9966990579226045,832.3259560285733,830.1784505126121,814.3311221743045,1.0211280981816218e+19,1.1698410076934068e+19,19.668138246656053
51.0,0.9941889047622681,0.79,77.68594524562359,77.6645310034044,77.79825953997788,77.86883452029433,77.80494039100886,77.7826984826359,77.76835967549123,77.85534087953856,0.9966138210674617,0.999193531201517,0.9984142881373784,0.9972411651611846,0.9968386979255011,0.9966621833611261,0.9966312001416268,832.3238887073602,830.176744172332,814.330277178939,1.0211281390901996e+19,1.169840895206922e+19,20.661382106746164
52.0,0.9368053674697876,0.78,77.68370829750783,77.66208682553842,77.79826589788426,77.87015834294725,77.80508679829363,77.78227110883454,77.76801542569301,77.85646422662539,0.9965470660747133,0.9991605015448569,0.9983569884766593,0.9971687222633892,0.9967691917309713,0.9965948698245888,0.9965642598224768,832.3218233489544,830.1750233002347,814.3294199517593,1.0211281808154022e+19,1.1698407804695996e+19,21.65470660747133
53.0,0.9922710061073303,0.77,77.68153650332242,77.65972239659168,77.79819171478157,77.8714397173142,77.80524628160929,77.78187418840825,77.76769977133954,77.85756981990998,0.9964814727216679,0.9991270523179272,0.9982994100323334,0.9970969614697736,0.996700570211956,0.996528473082667,0.9964982946001754,832.3197612678076,830.1732889350445,814.3285511499682,1.0211282233459935e+19,1.1698406635120904e+19,22.648147272166785
54.0,1.0887517929077148,0.76,77.6792053128127,77.65735204908997,77.7983530784666,77.87281142822467,77.80537888707185,77.78151793220313,77.76739642723696,77.85860761593794,0.9964175774799965,0.9990932069501245,0.9982416063442309,0.997025965648368,0.996632983782032,0.9964634283627353,0.9964338902536922,832.317707804033,830.1715422685555,814.3276714221207,1.0211282666643474e+19,1.1698405443825875e+19,23.641757747999648
55.0,0.9417083263397217,0.75,77.67676528911106,77.6548876796849,77.79867463935516,77.87425501104444,77.80549742266594,77.78111243362655,77.76708798303734,77.85967315443558,0.9963548031603132,0.9990589900070921,0.9981836327660576,0.9969558199763708,0.9965665657181693,0.9963998380422184,0.9963709521449282,832.3156666800763,830.1697847342878,814.3267814273053,1.021128310751439e+19,1.1698404231331265e+19,24.635480316031323
56.0,0.9409030675888062,0.74,77.67467362754978,77.65251637268811,77.79848064561956,77.87549289660528,77.80568426657992,77.78062484033289,77.76681063482538,77.86087384623242,0.9962919852003483,0.9990244132881101,0.9981255121043933,0.9968864917973944,0.9965011462489484,0.9963369319362705,0.996308316295794,832.3136319948775,830.1680175703748,814.3258818376229,1.0211283556002925e+19,1.1698402997826763e+19,25.629198520034834
57.0,0.9475115537643433,0.73,77.67243043631315,77.65023117042146,77.7985242744151,77.87680586236529,77.80584128954506,77.7802583947021,77.76656637766864,77.86192906823707,0.996230840057779,0.9989894869593746,0.9980672629240784,0.9968179418129003,0.9964365881671206,0.9962746626812988,0.9962463739183688,832.311600949087,830.1662415493669,814.3249733043789,1.0211284012054053e+19,1.169840174346164e+19,26.623084005777898
58.0,1.1103800535202026,0.72,77.67017213506624,77.64795320103876,77.79859313559136,77.87812568405643,77.80599832595617,77.7798869016231,77.76633642789675,77.86298187334323,0.9961712874588015,0.9989542405862152,0.99800895139553,0.9967503026839614,0.9963731929615693,0.9962140546706254,0.996186533775872,832.3095842020269,830.1644578171757,814.3240564565808,1.0211284475423554e+19,1.1698400468904462e+19,27.617128745880148
59.0,1.047867774963379,0.71,77.66764568369835,77.64554942627437,77.79906408682,77.87961491658352,77.80610950794362,77.77950374815264,77.76609459392493,77.86400310416938,0.9961132333280002,0.9989186962007366,0.9979506239200193,0.9966836304009641,0.9963110293929852,0.9961549161126086,0.9961280671837367,832.3075832477883,830.1626677506091,814.3231319349195,1.021128494593651e+19,1.1698399174633636e+19,28.61132333280002
60.0,1.0272717475891113,0.7,77.665371435415,77.6431344057899,77.79912792950635,77.88095086051617,77.80628026256163,77.7789817573328,77.76586704032961,77.8651911686291,0.9960548625815744,0.998882868315711,0.9978923074706102,0.9966179105377734,0.9962499839064668,0.99609663705215,0.996070137166114,832.3055939057892,830.1608726022737,814.3222003931987,1.0211285423487894e+19,1.1698397860935797e+19,29.60548625815744
61.0,0.9808966517448425,0.69,77.66306899506598,77.64078104957007,77.79924568913411,77.88229676960036,77.80644488322723,77.77850917369942,77.7656651444966,77.86632419786183,0.9959971723687235,0.9988467571633745,0.9978339934636892,0.9965530105754389,0.9961896926162723,0.9960384362935143,0.9960119711408749,832.3036061327782,830.1590729369445,814.3212624625509,1.0211285908109451e+19,1.1698396527722172e+19,30.59971723687236
62.0,1.0874285697937012,0.6799999999999999,77.66082566110417,77.63849142934195,77.79928490130696,77.88360444719437,77.80662192165327,77.7780520220811,77.7654881999013,77.86745198200224,0.9959406724751211,0.9988103808653372,0.9977757177932073,0.9964889672498619,0.9961302651947116,0.9959811739226649,0.9959551467914686,832.3016260661047,830.1572693027256,814.3203187215886,1.0211286399659729e+19,1.1698395175379382e+19,31.594067247512115
63.0,0.9765834808349609,0.6699999999999999,77.65835327720269,77.63614640752785,77.79967340324656,77.88504950266797,77.80675639334076,77.7776265247201,77.76531646774383,77.86850916199619,0.9958858461956833,0.9987737600059152,0.9977175218803568,0.9964258365075084,0.996071838258702,0.9959252081414,0.9958997861429852,832.2996590203229,830.1554625580635,814.319369721668,1.0211286897971223e+19,1.169839380436557e+19,32.58858461956834
64.0,0.9330463409423828,0.66,77.6561716908589,77.63386070816777,77.79961685834569,77.88631886634975,77.80695202463248,77.77710833410383,77.76516715723555,77.86969914893852,0.995831228082508,0.9987369130091347,0.9976594410638875,0.9963636499567612,0.9960144594695337,0.9958703644544119,0.9958454371095636,832.2977062186504,830.1536537712478,814.3184160127931,1.0211287402894602e+19,1.169839241508905e+19,33.5831228082508
65.0,0.9742045402526855,0.65,77.6539537244942,77.63168288250453,77.79963378816028,77.88760062034707,77.80714134714508,77.77668342781253,77.76505371452076,77.87079308253014,0.9957780259671603,0.9986998475141464,0.9976014836186333,0.9963023466283832,0.9959579568782065,0.9958161640399177,0.9957915349247621,832.2957627537749,830.1518436577755,814.3174581363393,1.0211287914382987e+19,1.1698391007676957e+19,34.577802596716026
66.0,0.9017266035079956,0.64,77.65161609342321,77.62950511644594,77.7998320081213,77.88895113051403,77.80730710099742,77.77629200178198,77.76495609526755,77.8718299151049,0.995726681549634,0.998662590048148,0.9975437044580351,0.9962420362061294,0.9959026022823029,0.995763587915195,0.9957397087980341,832.2938381627557,830.1500331612025,814.3164966161406,1.0211288432205703e+19,1.169838958276091e+19,35.572668154963395
67.0,1.0214250087738037,0.63,77.64944726759568,77.62738718716427,77.79978473503142,77.89019658947363,77.80751196903002,77.7758628923737,77.76488059315015,77.87293012383161,0.9956762964679401,0.9986251619958367,0.9974861448296993,0.9961827734094222,0.995848484040412,0.995712471414498,0.9956892553267117,832.2919342917143,830.1482235236724,814.3155319897003,1.0211288956178446e+19,1.1698388140845308e+19,36.56762964679401
68.0,0.9999691843986511,0.62,77.64699525125324,77.62521133893169,77.80016614573542,77.89161491994746,77.80765928228793,77.77549014171818,77.7648099860351,77.87392813701881,0.9956276840294532,0.9985875796144296,0.9974288327654132,0.9961245663696058,0.9957955746576166,0.9956626103590932,0.9956399655039145,832.2900498961932,830.1464158191698,814.314564807754,1.0211289486164148e+19,1.1698386682304942e+19,37.56276840294532
69.0,1.0537134408950806,0.61,77.64469034289941,77.62301169564016,77.80030681269709,77.89294270910322,77.80784452706284,77.77501058582565,77.76474914278951,77.87504574226914,0.9955794370154163,0.9985498630311479,0.9973718053960395,0.9960674557664879,0.9957439270409366,0.9956140447583737,0.9955919920171117,832.2881863914988,830.1446111815293,814.3135956280939,1.0211290021986052e+19,1.1698385207623565e+19,38.55794370154163
70.0,0.9773783683776855,0.6,77.64227019594982,77.62079126383178,77.8006244899414,77.89433829318732,77.80800891312246,77.77454455809202,77.76470013548969,77.87612788135884,0.995532015346454,0.9985120168847895,0.9973150611163991,0.9960113473107947,0.9956932682221112,0.9955659909230706,0.9955441611506527,832.2863356187069,830.1428103181694,814.3126250023722,1.0211290563615062e+19,1.1698383716879692e+19,39.553201534645396
71.0,0.9816783666610718,0.6,77.64003508486785,77.61861330498941,77.80066017449717,77.89562479692977,77.80821162016655,77.77403410688275,77.7646555877116,77.87728342124028,0.9954848291936735,0.9984740527063147,0.9972586155119731,0.9959562165112776,0.9956435399202564,0.9955186189834947,0.9954970979714138,832.2844974997721,830.1410137456152,814.3116534484111,1.0211291110954711e+19,1.1698382210336754e+19,39.54848291936736
72.0,1.037589430809021,0.6,77.63771711378358,77.616467652563,77.80083133642329,77.89695559821557,77.808394776567,77.77359061305178,77.76461911624646,77.87836235378636,0.9954386465751863,0.9984359765537406,0.9972024705707747,0.9959019964779132,0.9955945943099244,0.9954717356039351,0.9954504237479408,832.2826692279984,830.1392217840389,814.3106814427855,1.0211291663960246e+19,1.1698380688116259e+19,39.54386465751863
73.0,1.0061322450637817,0.6,77.63530780044384,77.61427021580748,77.80113804888678,77.89834448213223,77.80856143621786,77.77314221784472,77.76457319447654,77.87943153887754,0.9953934019714773,0.9983978045230834,0.9971466531874394,0.9958487146872693,0.9955465327765568,0.9954258548698107,0.9954049959919499,832.2808557267682,830.1374348878968,814.3097094220269,1.021129222248895e+19,1.1698379150608613e+19,39.53934019714773
74.0,1.0129139423370361,0.6,77.63300578477792,77.61207360513508,77.80127420015633,77.89966953459661,77.8087506823038,77.77264549916144,77.76452676146873,77.8805627083755,0.9953482178660172,0.9983595447373694,0.9970911701692177,0.995796327466038,0.9954992595453874,0.9953805628517864,0.9953599808806791,832.2790545532532,830.1356535514477,814.3087378003084,1.0211292786473206e+19,1.169837759799814e+19,39.534821786601725
75.0,1.0568028688430786,0.6,77.63066011103801,77.60988626834005,77.80147757187369,77.90101778071839,77.8089315019868,77.77217613083194,77.7644822567061,77.88166071673622,0.9953035156651507,0.9983211993930168,0.997036013773908,0.9957447465704458,0.9954525890736431,0.9953355030914314,0.9953150163849265,832.2772612571863,830.1338779556152,814.3077669587574,1.0211293355901913e+19,1.1698376030314033e+19,39.53035156651508
76.0,1.0060901641845703,0.6,77.62824707683176,77.60765658523887,77.80178243845585,77.90241061763372,77.80909970629436,77.77170016830205,77.76443124386132,77.88275551412953,0.9952593860460207,0.998282777492652,0.996981193383265,0.9956939524558762,0.9954065286822744,0.9952909876202155,0.9952707410476551,832.2754778783064,830.1321082563428,814.3067972351279,1.0211293930697814e+19,1.169837444776709e+19,39.525938604602075
77.0,1.014485478401184,0.6,77.62596401218325,77.60544943222776,77.80188697077101,77.90372439608909,77.8092933341948,77.77118657219107,77.7643818186305,77.8839061474544,0.995215171342619,0.9982442839522252,0.996926708228561,0.9956438925801954,0.995360994704769,0.9952467914884515,0.9952266986046918,832.2737028283849,830.1303446291225,814.305828933614,1.0211294510822009e+19,1.1698372850462833e+19,39.521517134261906
78.0,1.0079600811004639,0.6,77.62361801271327,77.6032606607303,77.80209500954952,77.90507403989322,77.80947180054208,77.77071869097999,77.76433721206267,77.88500297582941,0.995171533010648,0.9982057203144149,0.9968725494392995,0.9955944925754382,0.9953158635928774,0.9952027530409221,0.9951827146460817,832.271933689547,830.1285870523092,814.304862320554,1.0211295096267799e+19,1.1698371238418414e+19,39.5171533010648
79.0,1.030042052268982,0.6,77.62129056681879,77.60107306386344,77.80227311902563,77.90641543986276,77.8096569572197,77.77024379947106,77.76429226789041,77.88611241454491,0.9951283803168485,0.9981670961749904,0.9968187283470988,0.9955457556319486,0.9952712118087713,0.9951592771609951,0.9951394898140359,832.2701742196996,830.1268356217911,814.3038976256065,1.021129568695029e+19,1.1698369611865616e+19,39.51283803168485
80.0,1.0578409433364868,0.6,77.61891727400943,77.59886921937577,77.802517833811,77.90778131103143,77.80983231850841,77.76977123440592,77.7642461889016,77.88721057610819,0.995085630201934,0.9981284173024193,0.9967652467646548,0.9954976523883238,0.9952270163435744,0.9951162276450124,0.9950966331255064,832.2684241558763,830.1250905101949,814.302935057665,1.0211296282820446e+19,1.1698367970937809e+19,39.5085630201934
81.0,0.8689515590667725,0.6,77.61651858938858,77.59663059697486,77.80279704047716,77.90916593857109,77.8100033221388,77.76928083171951,77.7641938045097,77.88832068816991,0.9950430698122613,0.9980896885457458,0.9967121043511714,0.9954501492789717,0.995183241856824,0.9950735157582689,0.9950540791128842,832.2666828664095,830.123351854935,814.3019748080952,1.0211296883837426e+19,1.1698366315745903e+19,39.50430698122614
82.0,0.9351041913032532,0.6,77.61449232436716,77.59454673500731,77.80254426398896,77.91033164756372,77.81024625838909,77.76877242668415,77.7641593687993,77.88952075830893,0.9950002999015277,0.9980509106028967,0.9966592906578271,0.9954031807914463,0.9951397746714329,0.9950308587036014,0.9950114578588183,832.264947378388,830.1216196709931,814.3010170477183,1.0211297489999942e+19,1.1698364646292234e+19,39.500029990152775
83.0,1.1104284524917603,0.6,77.612150769867,77.59249777062796,77.80277285455377,77.91167086870409,77.81041794700722,77.76842430360266,77.76414174410165,77.89050330572063,0.9949592576671228,0.9980120896696842,0.996606809279718,0.9953567383251256,0.9950966620910817,0.994988684567718,0.9949694443519586,832.2632205001302,830.1198938986242,814.3000619180469,1.021129810125369e+19,1.1698362962724655e+19,39.49592576671228
84.0,0.9724810123443604,0.6,77.60958294961601,77.59025940876454,77.80333740925998,77.91316533887293,77.81054905638739,77.76801780519308,77.7640873024764,77.89151280910009,0.9949191630424936,0.9979732489622979,0.9965547058501881,0.9953109602409739,0.9950542854159541,0.9949479531736083,0.9949293738906815,832.2615139614273,830.1181751011019,814.2991095588644,1.02112987173786e+19,1.1698361265646017e+19,39.491916304249365
85.0,1.0019103288650513,0.6,77.60741634732112,77.58805601177737,77.80326868172851,77.91441367201041,77.81076504330558,77.76745846688281,77.76403420946444,77.89272831835551,0.9948775004192925,0.9979343861414937,0.9965029620416325,0.9952657490523273,0.9950123771422745,0.9949072221164648,0.994888749388162,832.259817278517,830.1164637826669,814.2981601399982,1.021129933839887e+19,1.1698359554988788e+19,39.487750041929246
86.0,1.013756513595581,0.6,77.60505873891525,77.58589411079883,77.80349955202546,77.91576904181856,77.81094043631747,77.76701873934944,77.76399423331604,77.89379683685256,0.994836367405269,0.9978954867160451,0.9964515301933827,0.9952209162690879,0.9949705107734619,0.9948657286815438,0.9948468568094777,832.2581185191924,830.114759517863,814.2972138072885,1.0211299964457105e+19,1.1698357830360404e+19,39.483636740526904
87.0,0.9453410506248474,0.6,77.60270713428035,77.583708603587,77.80371231432655,77.91712199856993,77.81111972123908,77.76655180197558,77.76395154381753,77.89489242575364,0.9947956116978747,0.9978565629683572,0.9964004297807918,0.9951765229880946,0.9949289260143185,0.9948247814916085,0.994806136018717,832.2564277012806,830.1130620907364,814.2962706546592,1.0211300595438367e+19,1.1698356092075188e+19,39.479561169787466
88.0,0.9935181736946106,0.6,77.60048937397077,77.58157735941931,77.8037308516039,77.91839360732119,77.81132501747634,77.76607720846077,77.76391558446339,77.89601943060988,0.9947547920876454,0.9978176159344514,0.996349652226133,0.9951325269271772,0.9948875597470626,0.9947839671190929,0.9947653901036096,832.2547429729581,830.1113714950285,814.295330758586,1.021130123133498e+19,1.1698354340153061e+19,39.47547920876454
89.0,0.9372545480728149,0.6,77.5981197272893,77.57943699271418,77.80398362491978,77.91975525843445,77.81149612800509,77.76566269168397,77.76388089485117,77.89706327709136,0.9947147193889919,0.9977786484861538,0.9962991938495764,0.9950889075958388,0.9948464128338153,0.9947433949634138,0.994724894776919,832.253065010528,830.1096876445567,814.2943941795887,1.0211301872121537e+19,1.1698352574662621e+19,39.47147193889919
90.0,0.9517233371734619,0.6,77.59589552874677,77.57732185949571,77.80401414287626,77.92103041331283,77.81170010540227,77.76520603680983,77.76384749244316,77.89817158844089,0.9946746197730613,0.9977396686299888,0.9962490638013178,0.9950456902976654,0.9948055864903687,0.9947033025229316,0.9946850415058379,832.2513970250534,830.1080106632177,814.2934609712097,1.0211302517722413e+19,1.16983507958103e+19,39.46746197730613
91.0,0.9808405041694641,0.6,77.5935898785945,77.57522343746386,77.80417309053591,77.92235107668675,77.81188406390429,77.76479760477086,77.7638202842616,77.89921969805145,0.9946350336745616,0.9977006764531887,0.9961992516710425,0.99500283075946,0.9947649960526177,0.9946633466713162,0.9946451314742819,832.2497361520841,830.1063405828799,814.2925311867425,1.0211303168137787e+19,1.1698349003594496e+19,39.46350336745616
92.0,1.0038282871246338,0.6,77.59124777950346,77.57309214812703,77.80438337447121,77.92369584338739,77.81206038771488,77.76437610671273,77.76378791987081,77.90027359501691,0.9945957652161019,0.9976616795120744,0.9961497658143501,0.9949603538410493,0.994724734409118,0.9946238650246778,0.9946058665705982,832.2480854731836,830.1046775062238,814.2916048755208,1.0211303823295478e+19,1.1698347198212207e+19,39.459576521610195
93.0,0.9241454601287842,0.6,77.58889468219131,77.57092675096355,77.8046047391952,77.92504817068111,77.8122357520886,77.76392876468599,77.76374918337096,77.90134917130926,0.9945564261591303,0.9976226791597828,0.9961005992141149,0.9949182284663225,0.9946847383861628,0.9945845428932804,0.9945666381587263,832.2464426497368,830.1030215295498,814.2906820895096,1.0211304483182385e+19,1.1698345379698293e+19,39.455642615913035
94.0,0.9791821837425232,0.6,77.58670600173063,77.5688196033705,77.80458397404873,77.92630161119159,77.81244547621172,77.76346394409192,77.76371706094942,77.90247231350513,0.9945167858450968,0.9975836729117064,0.9960517356364665,0.9948763940024938,0.9946448819349071,0.9945450885067842,0.9945271431592562,832.2448040232597,830.1013725453638,814.2897628730204,1.0211305147822406e+19,1.1698343547986072e+19,39.451678584509686
95.0,1.0144203901290894,0.6,77.5843405927997,77.56670287293382,77.80483514225925,77.92766014924273,77.81261574089585,77.7630657613452,77.7636870296963,77.90350013658171,0.9944778720281862,0.9975446613837556,0.9960031669977732,0.9948348241348878,0.9946051451808328,0.9945057036632815,0.9944877410437379,832.2431700164225,830.0997303265287,814.2888472488847,1.0211305817209876e+19,1.1698341703089981e+19,39.44778720281862
96.0,0.9395075440406799,0.6,77.58196762851439,77.56452583493665,77.805087992904,77.92902428419329,77.81278784622263,77.76261761907953,77.76364542588708,77.90457385511836,0.9944389585026139,0.9975056528343788,0.9959549043049133,0.9947935603638697,0.9945656658888345,0.9944667910358285,0.9944490584004497,832.2415452387171,830.0980949167338,814.2879352293672,1.021130649126491e+19,1.1698339845228188e+19,39.44389585026139
97.0,1.1301320791244507,0.6,77.57976270974613,77.56239859359339,77.80509085835074,77.9302897563437,77.81299361606652,77.76214323921594,77.7636098810297,77.90570246208226,0.9943995707568964,0.9974666428378208,0.9959069271266763,0.9947525306309706,0.9945262788363599,0.9944276827159813,0.9944098962297423,832.2399241222674,830.0964662567187,814.2870268276962,1.0211307170029375e+19,1.1698337974284691e+19,39.43995707568965
98.0,0.9471100568771362,0.6,77.57716689067892,77.56014178991317,77.80569645312498,77.93180111872498,77.81311935107514,77.76173227205872,77.76355306197074,77.90671165707754,0.9943611251216113,0.9974276314830417,0.9958592267798855,0.9947117110940397,0.9944869690995517,0.9943886266616567,0.9943707975748295,832.2383071753626,830.0948440895239,814.2861220396954,1.021130785350222e+19,1.1698336090261303e+19,39.43611251216114
99.0,1.0127867460250854,0.6,77.57506928076036,77.55795374019071,77.80552940458874,77.93301325519569,77.8133479701326,77.76115655393805,77.76349978490616,77.9079568620189,0.9943211113285473,0.9973886224118186,0.9958118034713181,0.994671108173941,0.9944477789838426,0.9943496489295509,0.9943319711122913,832.2366956807532,830.0932284070453,814.2852208536273,1.0211308541647557e+19,1.169833419325542e+19,39.43211113285473
100.0,1.004780888557434,0.6,77.5726693956647,77.55579677708447,77.80582892814418,77.93439398328773,77.81351152981806,77.76073708200128,77.76346236459794,77.90899765364593,0.9942818589631004,0.9973496000754403,0.9957646102721278,0.9946305653153387,0.9944083597407325,0.9943098780022215,0.9942917580639187,832.2350794742197,830.09161865719,814.2843232385355,1.0211309234615284e+19,1.1698332282854533e+19,39.42818589631004
101.0,0.9442671537399292,0.6,77.57034555817954,77.55361236650496,77.80600199855398,77.93573084364179,77.8136942043755,77.76026151522528,77.76341866601142,77.91010421667015,0.9942426158834425,0.9973105776140355,0.9957176720414552,0.9945901880430665,0.9943690449455914,0.9942706850502313,0.9942528202759863,832.233470511439,830.0900146411301,814.2834291332641,1.0211309932279263e+19,1.1698330359403735e+19,39.42426158834426
102.0,1.0035511255264282,0.6,77.56812269189395,77.55148698571138,77.80603297032648,77.93700464600697,77.81389487773122,77.75979239285225,77.76338410241878,77.91122167267604,0.9942031917954526,0.9972715507628775,0.9956709702514961,0.9945499209268863,0.9943297141047649,0.9942313399519704,0.9942134170837579,832.2318642062936,830.088416280245,814.2825384801514,1.0211310634680211e+19,1.1698328422790195e+19,39.42031917954526
103.0,0.9645983576774597,0.6,77.56573473983444,77.54933822499588,77.80631315537612,77.93837842771318,77.81406185473024,77.75937724417308,77.76334834196022,77.91226252367487,0.9941644073797586,0.9972325216389801,0.9956245026490808,0.9945097704885265,0.994290420172643,0.994192142538425,0.9941742424352913,832.2302625262471,830.0868234096228,814.2816512175381,1.0211311341797734e+19,1.169832647306878e+19,39.41644073797587
104.0,0.9963099956512451,0.6,77.56347319921478,77.54719379167072,77.80639841295196,77.93967549277004,77.81425693453347,77.75891174688586,77.76331044586259,77.91337203875882,0.9941253557933596,0.997193495829861,0.9955782756216522,0.994469771433432,0.9942512660880698,0.9941532624672564,0.9941355400906915,832.2286682008878,830.0852360987091,814.2807672897363,1.0211312053577406e+19,1.169832451038778e+19,39.41253557933596
105.0,0.9569899439811707,0.6,77.56111786067486,77.54504046305082,77.80662771044881,77.94103112649172,77.81443170580023,77.75847929734736,77.76327274900977,77.91443494801642,0.9940865226284366,0.9971544697269972,0.9955322728528517,0.9944298765649944,0.9942121410167497,0.9941142626182553,0.9940964754352137,832.2270772246914,830.083654272904,814.2798866502167,1.0211312770053255e+19,1.169832253465272e+19,39.40865226284366
106.0,0.9727815985679626,0.6,77.55886187097057,77.54290791456587,77.80670443623676,77.94232693228405,77.81462831602839,77.7580210057029,77.763238006545,77.91553996062139,0.9940475425780844,0.9971154461424372,0.9954864942661006,0.9943900985834332,0.9941730950663585,0.9940753888858047,0.9940576735647536,832.2254912794233,830.0820778600953,814.2790092519131,1.0211313491197538e+19,1.1698320545938653e+19,39.40475425780844
107.0,0.8854511380195618,0.6,77.55654084584675,77.54078305461444,77.80688562635332,77.9436605566414,77.81480710440955,77.75759500889107,77.7632070804655,77.91660078045679,0.9940088335033266,0.9970764238192624,0.9954409298447754,0.9943504143598204,0.9941340831720209,0.9940364920609106,0.9940187485177026,832.2239088734199,830.0805067486993,814.2781350479418,1.0211314217021622e+19,1.1698318544213303e+19,39.40088335033266
108.0,0.9859300851821899,0.6,77.55439220131375,77.53872673860751,77.8068162054522,77.94488828426692,77.81502382072794,77.75715853292495,77.76318417429574,77.91770356615307,0.9939700608658694,0.9970374059027665,0.9953955807002246,0.9943108408000615,0.994095161584468,0.993997764920655,0.9939801091219144,832.2223317878453,830.0789408934163,814.277263991397,1.021131494749435e+19,1.1698316529561098e+19,39.39700608658694
109.0,1.034178376197815,0.6,77.55197984301485,77.53662541690282,77.80714612248703,77.94627450308762,77.81517976167088,77.75679405084229,77.7631580701971,77.91869081406621,0.9939321637521641,0.9969983947452137,0.995350446097696,0.9942713873877347,0.9940563622245946,0.993959279830471,0.9939416819074347,832.2207608802322,830.0773802724722,814.27639603909,1.0211315682591996e+19,1.1698314502046093e+19,39.39321637521641
110.0,0.9557911157608032,0.6,77.54958097748458,77.53442841670476,77.80743772863643,77.94765674865339,77.81534399743832,77.75634112381958,77.76311399943079,77.9197636317811,0.9938938924463642,0.9969593979826509,0.9953055383710704,0.994232106944013,0.9940178092717498,0.9939212475197213,0.9939039111673814,832.2191993523433,830.0758250940403,814.2755311618437,1.0211316422239175e+19,1.1698312461874113e+19,39.38938924463642
111.0,0.9591896533966064,0.6,77.54736497784033,77.53227707180194,77.80745007675141,77.94892967592459,77.81555000063672,77.7558490930649,77.76307392403832,77.92090744491433,0.9938547683962414,0.9969204051648651,0.9952608250214869,0.9941928909674632,0.9939792155871435,0.9938826534488238,0.9938651251332214,832.2176375075107,830.0742752474571,814.2746693420712,1.0211317166534668e+19,1.1698310408772983e+19,39.38547683962415
112.0,1.0239739418029785,0.6,77.54506469350308,77.53016188573092,77.80759860992548,77.95024913905654,77.81573492899479,77.75542427356122,77.7630433388811,77.92197072635172,0.9938159772870888,0.9968814107109534,0.9952162863567574,0.9941536854529633,0.9939404819690857,0.9938436718524416,0.9938259136233445,832.2160737026845,830.0727302599267,814.2738105380579,1.0211317915531612e+19,1.169830834259578e+19,39.38159772870888
113.0,1.0103172063827515,0.6,77.54265623325482,77.52798723494634,77.80790670851711,77.95163747500628,77.81589922809216,77.75499452063814,77.76300264980527,77.9230227042106,0.993777529774956,0.9968424214846325,0.9951719338411175,0.9941145486949144,0.9939017915937063,0.9938050246114182,0.9937873845367723,832.2145146319616,830.0711899475183,814.2729546866451,1.0211318669163268e+19,1.1698306263524602e+19,39.377752977495604
114.0,0.9936622381210327,0.6,77.54033437739126,77.52579284431413,77.80807508392608,77.95297335654031,77.81608139618474,77.75450886848266,77.76295658321469,77.92413776601897,0.993738489206451,0.9968034368366523,0.995127760174575,0.9940754672934118,0.9938631148498446,0.9937663552122866,0.9937487535220882,832.212958766201,830.0696542881069,814.2721017292597,1.0211319427434637e+19,1.1698304171544631e+19,39.3738489206451
115.0,0.9334774613380432,0.6,77.53802662198432,77.5236202491913,77.80822291575605,77.95429901366587,77.8162670106074,77.7540346871363,77.76291577231022,77.92524625303922,0.9936992034056529,0.996764448958449,0.9950837406220966,0.9940363682164407,0.9938242854944144,0.9937272268669657,0.9937094171275521,832.2114010384593,830.0681229820989,814.2712516035049,1.0211320190420232e+19,1.1698302066450287e+19,39.36992034056529
116.0,1.0373358726501465,0.6,77.53581260605715,77.521510916017,77.80824338878737,77.95556740073953,77.81646902140055,77.75357704674825,77.76288419372285,77.92635521794436,0.9936599296359694,0.9967254571948889,0.9950398686632539,0.9939972476476128,0.9937853315783711,0.9936879718496208,0.9936700822814771,832.2098432145698,830.0665956940677,814.2704042289561,1.021132095812629e+19,1.1698299948223353e+19,39.36599296359694
117.0,1.0413017272949219,0.6,77.5333582190331,77.51933639631606,77.80862766333739,77.95698296402115,77.8166212895565,77.7531691505399,77.76284358299453,77.92737847532844,0.9936213728555022,0.9966864651820767,0.9949961485851557,0.9939581396312287,0.9937463665067157,0.993648950395983,0.9936311106270248,832.2082891111588,830.0650722754134,814.2695595171472,1.0211321730517647e+19,1.1698297816959257e+19,39.362137285550226
118.0,1.029090166091919,0.6,77.53099562549032,77.51710907365195,77.80885390758048,77.95834488149266,77.81679708815936,77.75267088376567,77.76279303290066,77.92849904323229,0.9935821829235758,0.9966474773343925,0.9949525864906511,0.9939190799628864,0.9937074792105131,0.9936101686105686,0.9935925005573949,832.20674064283,830.0635528359054,814.268717392809,1.021132250755093e+19,1.1698295672775946e+19,39.358218292357584
119.0,1.07356858253479,0.6,77.52865833598189,77.51489225164987,77.80904237409122,77.95969178976956,77.81697762279946,77.75216997960233,77.76274440191337,77.92962639663601,0.9935424921824519,0.9966084828639533,0.9949091509060041,0.9938799702574692,0.9936684213413891,0.9935707870965724,0.9935528714851269,832.2051894777736,830.0620371585816,814.2678777896266,1.0211323289329502e+19,1.169829351538866e+19,39.354249218245194
120.0,1.0643219947814941,0.6,77.52623457596637,77.51264184475876,77.80936310339602,77.96109155060257,77.81714076560165,77.75168073478271,77.76269125418621,77.93073032017564,0.9935028024707823,0.9965694789782841,0.9948658307947941,0.9938407915514278,0.9936291810484239,0.9935311306442004,0.9935130625834738,832.2036362974759,830.0605248442381,814.2670406233981,1.0211324075880722e+19,1.1698291344721193e+19,39.35028024707823
121.0,1.0015145540237427,0.605,77.52386953351088,77.51036927239038,77.80958622372127,77.96245797125157,77.81731604376982,77.75115242296015,77.76262543296325,77.93187907164683,0.9934624997670243,0.9965304637598531,0.99482261749041,0.9938015332766686,0.993589760698478,0.9934912484349548,0.9934730998412539,832.2020815798967,830.0590156067093,814.2662057961493,1.0211324867223695e+19,1.1698289160720011e+19,38.84624997670243
122.0,0.9631015062332153,0.61,77.52160726226866,77.50814851671457,77.80966163518023,77.9637638596585,77.81750759077549,77.75063475493225,77.76256025563343,77.93303799944697,0.9934216727657201,0.9964914284708283,0.9947794857040694,0.9937621271857301,0.9935500205386479,0.99345077467518,0.9934323593376193,832.2005213247865,830.0575090155271,814.2653731971822,1.0211325663443825e+19,1.1698286963149593e+19,38.34216727657201
123.0,1.0610315799713135,0.615,77.5193506960757,77.50598617638461,77.8097364410758,77.96506145929452,77.8176962310943,77.75017421882949,77.76250032473472,77.93414520485094,0.9933809733697947,0.9964523703217039,0.9947364253976044,0.9937225636796335,0.9935099857794563,0.9934100242822149,0.993391440797382,832.198957281256,830.056004609301,814.2645426947763,1.021132646457009e+19,1.169828475192927e+19,37.83809733697947
124.0,1.014818787574768,0.62,77.51689196140505,77.50374853629619,77.81011842710431,77.9664872013498,77.81784149023296,77.74974815010209,77.76242113781045,77.93518997788196,0.9933407629688431,0.996413294121827,0.9946934455306934,0.9936828995416969,0.9934698333863199,0.9933695106828846,0.9933509933846153,832.1973951284388,830.054502219487,814.2637141507151,1.0211327270558233e+19,1.1698282527179373e+19,37.33407629688431
125.0,1.0297166109085083,0.625,77.51460576890968,77.50149525464512,77.810223766556,77.96780891094822,77.81802485385269,77.74923899756395,77.76233036377816,77.93634138816269,0.9932995864579616,0.996374200102995,0.99465054353589,0.9936431446217788,0.9934295864715267,0.9933289578970886,0.9933104934044157,832.1958343763462,830.0530018860418,814.26288744487,1.0211328081407502e+19,1.169828028890084e+19,36.829958645796154
126.0,0.9769505262374878,0.63,77.51224979218095,77.49924317579716,77.81043801466585,77.96917375277262,77.8181916164729,77.74877096833079,77.76223347683553,77.93744293461786,0.9932581032684754,0.9963350760059586,0.9946076861425532,0.9936032010705544,0.9933890089386229,0.9932876708464377,0.9932688667801948,832.1942673137194,830.0515032608482,814.2620624632586,1.0211328897238225e+19,1.1698278036762286e+19,36.32581032684754
127.0,1.0116859674453735,0.635,77.51000331221148,77.49702484225854,77.8104906654742,77.97047199676744,77.81837767440884,77.74829286303138,77.76213467480265,77.93857465569162,0.9932161990741585,0.9962959201188206,0.9945648667867624,0.9935630714329855,0.9933481450645657,0.9932460880634459,0.9932271459562684,832.1926961960324,830.0500059452993,814.2612390761483,1.0211329718070084e+19,1.1698275770708533e+19,35.821619907415844
128.0,0.9175055027008057,0.64,77.50764684048481,77.49479415169917,77.81071366778342,77.97183799401391,77.8185378203314,77.74786176321213,77.76202780338353,77.93964385091094,0.9931744087930053,0.9962567290722801,0.9945220749807634,0.9935227438262859,0.9933069945142906,0.9932042385783395,0.9931851443426525,832.1911212745366,830.048509607063,814.2604171443783,1.0211330543939064e+19,1.1698273490639655e+19,35.317440879300534
129.0,0.9822314977645874,0.645,77.50549268554896,77.49262305274605,77.81063722377876,77.973082003952,77.81873752714891,77.74740445323987,77.76192314350628,77.94077550958609,0.9931321159190863,0.9962175033573502,0.9944793099550354,0.9934822398817541,0.9932656317446099,0.9931622935503219,0.9931431738758069,832.1895447306674,830.0470140691285,814.2595965290602,1.021133137484408e+19,1.1698271196557462e+19,34.81321159190863
130.0,1.0363801717758179,0.6499999999999999,77.50313114207238,77.49043140765279,77.81087446021847,77.97444959923159,77.81889115858648,77.74702888952451,77.76180946219829,77.94179493562551,0.9930902542134745,0.996178239608467,0.9944365615087265,0.993441546667007,0.9932240380073376,0.9931201513887941,0.9931009044207688,832.1879656959702,830.0455191193803,814.2587770962338,1.021133221082147e+19,1.1698268888361048e+19,34.309025421347464
131.0,1.0686379671096802,0.655,77.5007423392497,77.48815286504104,77.81114253356354,77.97583829176146,77.81904103498964,77.74659773027524,77.76167242500814,77.94286321640247,0.9930480149467084,0.9961389425751966,0.9943938396452368,0.9934007213328646,0.9931823613770256,0.9930781768473707,0.9930590311601718,832.1863883128648,830.044024762588,814.2579587224274,1.0211333051829266e+19,1.1698266566164429e+19,33.80480149467083
132.0,0.966025173664093,0.6599999999999999,77.4983525371179,77.48581367097795,77.8114027079835,77.97723427235614,77.81919411863491,77.74612171754124,77.7615170128236,77.94397562277736,0.9930049053339831,0.9960996031759904,0.9943511200187202,0.9933596954720636,0.9931404192482087,0.993035623348875,0.9930162508638135,832.1848059474569,830.0425308499584,814.2571412995627,1.0211333897958785e+19,1.1698264229715798e+19,33.30049053339832
133.0,0.9886345267295837,0.6649999999999999,77.49617578852921,77.48354156170971,77.81134707962046,77.97850245186127,77.8193833802623,77.7456195794337,77.7613648179511,77.94514927234268,0.9929607090246801,0.9960602095540434,0.994308371917571,0.9933183834536589,0.9930980190420613,0.9929921694509564,0.9929724046270331,832.1832131864235,830.0410368705843,814.256324708485,1.021133474932935e+19,1.1698261878686468e+19,32.796070902468024
134.0,0.9448651075363159,0.6699999999999999,77.49385778298601,77.48129003769718,77.81151170642697,77.97984977329615,77.81954060538264,77.7452071429987,77.76121200194466,77.94621533482568,0.9929167272313318,0.9960207542465762,0.9942655761490728,0.9932767471113603,0.9930551185723405,0.9929480984961581,0.9929279960244143,832.1816102604558,830.0395421605452,814.2555087986038,1.0211335606019373e+19,1.1698259512860006e+19,32.29167272313319
135.0,1.0767958164215088,0.6749999999999999,77.49163948460482,77.47905894503928,77.81152494325652,77.98113661627285,77.81971776435675,77.74477821048349,77.76105515226372,77.94731573936296,0.992872483992456,0.9959812415006637,0.9942227427583797,0.9932348517381885,0.9930119230145692,0.9929040691506693,0.9928839811333584,832.1800041378958,830.0380464393266,814.2546934032438,1.0211336467994653e+19,1.169825713232905e+19,31.787248399245605
136.0,0.9597417116165161,0.6799999999999999,77.48915689154528,77.47672768165357,77.81193691242952,77.9825926976744,77.81984023880504,77.74438560729031,77.76087140831514,77.94834049338242,0.9928284730936628,0.995941669160603,0.9941798658164342,0.9931927010813956,0.9929684527016784,0.9928599010915012,0.9928397307008846,832.1783947341037,830.0365495668286,814.2538783653476,1.0211337335282528e+19,1.169825473701734e+19,31.28284730936629
137.0,1.031888484954834,0.6849999999999999,77.48700531870126,77.47442753794603,77.81183992950245,77.98385163287166,77.82002858057676,77.74388553887256,77.76068620824371,77.94952408726094,0.9927830545154522,0.9959020349961358,0.9941369392387449,0.9931502959074285,0.9929247086238814,0.9928154141939329,0.9927951595654629,832.1767811867853,830.0350514692026,814.2530635434431,1.0211338207911084e+19,1.1698252326846556e+19,30.77830545154523
138.0,0.917518138885498,0.69,77.48461439479142,77.47211317713372,77.81211110557778,77.98524919555057,77.8201652135729,77.74348335405811,77.7604923640436,77.95057222329778,0.9927377149697044,0.9958623247943361,0.9940939275718774,0.9931075352630984,0.9928804545056964,0.9927700337193481,0.9927493347321931,832.1751562231182,830.0335516530963,814.2522487944061,1.0211339086024983e+19,1.1698249901418414e+19,30.273771496970447
139.0,1.0554524660110474,0.695,77.48249605596065,77.46985852783546,77.81197118029813,77.9864863820374,77.8203562873794,77.7430262541573,77.7603024701064,77.95172432159306,0.9926916487752521,0.9958225411790248,0.99405083755695,0.9930644719784784,0.9928358583399921,0.9927245035489595,0.9927037478730074,832.1735258499091,830.0320498020128,814.2514339608877,1.0211339969607436e+19,1.1698247460777716e+19,29.769164877525213
140.0,1.0162192583084106,0.7,77.48002778571099,77.46752940556034,77.81236105995485,77.98793345848098,77.82047342761943,77.74266161083942,77.7600910997542,77.95272927476326,0.9926460702182663,0.9957826784784616,0.9940076553780663,0.9930210829420433,0.9927908784486044,0.9926786115870722,0.9926576548645057,832.1718885560375,830.0305456230167,814.2506188859727,1.0211340858721823e+19,1.1698245004749236e+19,29.264607021826638
141.0,0.9773950576782227,0.7,77.47775585921481,77.46516635520383,77.81243310794234,77.98926444952376,77.82063654018275,77.74218394850031,77.75987481766497,77.95387342689791,0.9925994524583889,0.995742740351864,0.9939643904263858,0.992977425700921,0.9927456654551652,0.992632701090389,0.9926117753709729,832.1702485470909,830.0290390784317,814.2498034220184,1.0211341753341614e+19,1.1698242533404514e+19,29.259945245838892
142.0,0.9290772080421448,0.7,77.47551563470624,77.46285720979795,77.81246989471838,77.99057453097775,77.82080164330254,77.7417393306503,77.75966841574409,77.9549909186433,0.992552345143951,0.9957027127863268,0.9939210083107625,0.9929334002384466,0.9926999671640053,0.9925859048249323,0.9925645677348878,832.1685973213728,830.0275298322888,814.2489874310066,1.0211342653611071e+19,1.1698240046346326e+19,29.255234514395102
143.0,1.0749292373657227,0.7,77.4733218722511,77.4606099596247,77.81244521641638,77.99185276480857,77.82097494700865,77.74132930235355,77.75947460836032,77.95608508017612,0.99250534008519,0.9956625959329598,0.9938775103030631,0.9928890390115575,0.9926538969262855,0.9925388916015507,0.9925174341177261,832.1669392863855,830.0260175208812,814.2481707629514,1.0211343559539112e+19,1.1698237543548879e+19,29.250534008519004
144.0,0.9677257537841797,0.7,77.47083382955752,77.45825747232884,77.81286489138147,77.99331428990699,77.82108898297592,77.74095722932252,77.75925768354209,77.95709568694001,0.9924589694293172,0.9956223952381658,0.9938339107223816,0.9928444167007534,0.9926076489155032,0.9924921253538407,0.9924707619808824,832.1652801469654,830.024502124322,814.2473532742904,1.0211344471083373e+19,1.1698235025127133e+19,29.245896942931726
145.0,1.0227130651474,0.7,77.46866886639036,77.4559269670397,77.81278277568053,77.99458122400101,77.82126987215888,77.74046241694013,77.75904551679268,77.95827322233235,0.9924113183241783,0.995582111939334,0.993790213095631,0.9927995618154557,0.992561263030253,0.9924452962382829,0.9924239567267601,832.1636194480203,830.022983852946,814.2465348529367,1.0211345388241273e+19,1.1698232491086873e+19,29.24113183241783
146.0,0.9274588227272034,0.7,77.4663022970315,77.45360144013539,77.81301085494924,77.99596618867945,77.82140871628944,77.74005802090396,77.75883670507464,77.95933099010726,0.9923638553578815,0.9955417332254245,0.9937463862976639,0.9927543808705882,0.9925144907697911,0.9923977053193943,0.9923759939267603,832.1619489805901,830.0214624361855,814.2457154009406,1.0211346311146416e+19,1.1698229941060096e+19,29.236385535788155
147.0,0.9887672662734985,0.7,77.4641579682473,77.45133327431977,77.81290887125651,77.99721886713523,77.82159309784474,77.73960990061168,77.75863748382544,77.9604716318543,0.9923160525095117,0.9955012647338258,0.9937024453018636,0.9927089476874116,0.9924675271616243,0.9923501796834795,0.9923285030799016,832.1602753957216,830.0199377564226,814.2448948151759,1.0211347239755225e+19,1.1698227375165084e+19,29.231605250951176
148.0,0.9743373990058899,0.7,77.46180991870351,77.44905804372392,77.81311545903445,77.99858715718146,77.82173162500548,77.73923763019847,77.75843925297958,77.96150032839505,0.9922687569855252,0.9954607047379112,0.9936583866377002,0.9926632657483802,0.992420367363158,0.9923025473463019,0.992280804921118,832.1585979850142,830.0184097781716,814.2440730032349,1.0211348174094832e+19,1.1698224793326037e+19,29.226875698552522
149.0,1.053332805633545,0.7,77.45954669914208,77.446765536163,77.81318823630572,77.99990820402745,77.82189178751723,77.73881561583839,77.75823713875143,77.9625918977079,0.9922212399030058,0.9954200600407871,0.9936142279096934,0.9926174106882163,0.9923731794821856,0.9922551871905273,0.9922335843439106,832.1569213146628,830.0168786858698,814.2432498908197,1.0211349114109866e+19,1.1698222195693609e+19,29.222123990300584
150.0,0.9347797632217407,0.7,77.45713398600928,77.44441203186288,77.81348226409754,78.0013212328311,77.8220227951213,77.73840413048747,77.75802341174567,77.96364839678863,0.992173705912088,0.9953793274893236,0.993569961808897,0.9925713649586597,0.992325882301221,0.992207643038865,0.9921859573194988,832.1552417675796,830.0153445865262,814.2424254277897,1.0211350059840571e+19,1.1698219582156022e+19,29.2173705912088
151.0,1.0246540307998657,0.7,77.45500889346003,77.44212304190732,77.81335035500233,78.00256537827663,77.8222091529431,77.73792866967851,77.75782032149145,77.96481706529157,0.9921253436003464,0.9953385053735211,0.9935255846831446,0.9925251243335348,0.992278440716857,0.9921598320500706,0.9921380433366035,832.1535579342777,830.0138074858284,814.2415995750983,1.0211351011313506e+19,1.1698216952639068e+19,29.21253436003465
152.0,0.9944946765899658,0.7,77.4526077054441,77.43981195562519,77.81363602667697,78.0039714254206,77.82233949153742,77.73755304827937,77.75761317183496,77.96584243235411,0.992077609108809,0.9952975889879071,0.9934810856352124,0.9924786607721522,0.9922307782424375,0.992111702895876,0.9920897424632,832.1518678443873,830.0122671806429,814.2407722904314,1.0211351968584675e+19,1.169821430698769e+19,29.207760910880907
153.0,1.0507451295852661,0.7,77.45034484211355,77.4374845302198,77.81370145459077,78.00529464876745,77.82250183078285,77.73710159012698,77.75740367710823,77.96696279362077,0.9920294527590335,0.9952565863955406,0.9934364854176698,0.9924320574550033,0.992183093817089,0.9920638494045801,0.9920420312169947,832.1501777652296,830.0107237781195,814.2399435324332,1.0211352931586812e+19,1.1698211645385177e+19,29.202945275903357
154.0,1.009623408317566,0.7,77.44795626187697,77.43512220489792,77.81395766084897,78.00669400447514,77.82263901814876,77.73667424056912,77.75718734100228,77.96803822730435,0.9919812342384735,0.9952154915898493,0.9933917696614099,0.9923852683892419,0.9921352445307108,0.9920156472394588,0.9919936659813443,832.1484825282242,830.0091772760109,814.2391132729157,1.021135390038797e+19,1.1698208967643419e+19,29.198123423847356
155.0,1.0304597616195679,0.7,77.44569195965305,77.43276886637322,77.81402042226982,78.0080195202725,77.8228018801863,77.73619894247967,77.7569730287767,77.96917881165864,0.991932462951847,0.9951743044971526,0.9933469388936887,0.9923383028144777,0.9920872457023082,0.9919672593786341,0.991945201350251,832.1467828293919,830.0076276097016,814.2382814834125,1.021135487499943e+19,1.16982062737301e+19,29.193246295184704
156.0,1.0445636510849,0.7,77.44335279958322,77.43041739747859,77.81420157725806,78.00938955119345,77.82294905068993,77.73576024923823,77.75675881416537,77.97027355317259,0.9918837276881759,0.9951330204011037,0.9933019821910204,0.9922911295454362,0.9920390160926267,0.9919185095155003,0.9918962755730534,832.1450763836804,830.0060746047401,814.2374481306332,1.021135585547753e+19,1.1698203563489243e+19,29.188372768817594
157.0,0.9769911170005798,0.7,77.44100831374526,77.42804332212545,77.81438475059694,78.01076409413945,77.82309640978637,77.7353033354273,77.75654107281007,77.97138406803133,0.991834876742243,0.9950916420572732,0.9932569072646117,0.9922437845134334,0.9919906492671285,0.9918697605799742,0.9918475274119836,832.143366474354,830.0045181969822,814.2366131753232,1.0211356841806795e+19,1.1698200836961978e+19,29.183487674224306
158.0,1.031834363937378,0.7,77.43879624707624,77.42572066974826,77.81437429626821,78.01205695089884,77.82326797846763,77.7348354912654,77.75633208064828,77.9725290006143,0.9917856453481257,0.9950501670933217,0.9932117089858886,0.9921962553885331,0.991942104687005,0.9918207746219329,0.9917984375514642,832.1416515280416,830.0029583539521,814.235776581885,1.0211357834021011e+19,1.1698198094054207e+19,29.17856453481258
159.0,1.0272501707077026,0.7,77.43642266159877,77.42338503380306,77.81461057693814,78.01344656450674,77.82340665609517,77.73442291420069,77.75612126169726,77.9735920238425,0.9917368860852674,0.9950085955843027,0.993166388414481,0.9921485531420151,0.9918934108155032,0.9917717242452485,0.9917493459752234,832.1399326346396,830.0013949937605,814.234938313853,1.0211358832130703e+19,1.1698195334735677e+19,29.17368860852675
160.0,1.0012149810791016,0.7,77.43410991919227,77.42102614622563,77.81474764707382,78.01479995746631,77.82355787034321,77.7339645812579,77.7559076775331,77.9747096311883,0.991687895234324,0.994966933392933,0.9931209608168853,0.9921007364116554,0.9918447018894384,0.9917228929348653,0.991700625777295,832.1382135713533,829.99982827656,814.2340983430322,1.0211359836090198e+19,1.1698192559130384e+19,29.1687895234324
161.0,0.8532103896141052,0.7028571428571428,77.43183973357081,77.41868641432374,77.81482511349604,78.01612891636323,77.82371462313749,77.73351224236539,77.75569228788372,77.9758285704418,0.9916385827753443,0.9949251761939213,0.9930754160046789,0.9920527701710476,0.9917958651210527,0.9916737705936032,0.9916513741143164,832.1364900574451,829.9982582568051,814.2332566559818,1.0211360845951762e+19,1.1698189767093516e+19,28.87814399182015
162.0,1.0199601650238037,0.7057142857142856,77.42981418007984,77.41648642807267,77.81456287584733,78.01731593343429,77.8239190938737,77.7330911161087,77.75549729518825,77.97697163292905,0.9915892867744687,0.9948833231496446,0.9930297526176511,0.9920046534435307,0.9917468937704238,0.9916244829370344,0.9916020063288068,832.1347621404485,829.9966848628587,814.232413238631,1.0211361861734498e+19,1.1698186958571276e+19,28.587500106018304
163.0,0.9348276257514954,0.7085714285714285,77.42735025817528,77.41420904961414,77.81495929824887,78.01876235725358,77.82402559162874,77.73278655037284,77.75528342796024,77.97792271560756,0.9915413883708237,0.9948413827030036,0.9929839922999422,0.9919564666155,0.9916979854509995,0.9915756930763314,0.9915534264879795,832.1330361849562,829.9951082141114,814.2315680782057,1.0211362883367916e+19,1.169818413375576e+19,28.29699597993952
164.0,1.023360252380371,0.7114285714285714,77.42519391695969,77.41192015442066,77.81487460627686,78.02002543183043,77.82420161590271,77.73234420189401,77.75506573066814,77.97905676231021,0.9914926063160063,0.9947993658508575,0.9929381624301844,0.9919083011734683,0.9916493191492886,0.9915274603646731,0.9915054869102106,832.1313161035029,829.9935288869543,814.2307211937889,1.0211363910755355e+19,1.1698181292910922e+19,28.00640348874349
165.0,0.9859384298324585,0.7142857142857143,77.4228006358724,77.40958989756182,77.81514755917014,78.02142786206677,77.82432725932158,77.73197311024414,77.75483517553657,77.98008219607873,0.9914439022156337,0.9947572610258262,0.9928922342364459,0.9918600468117066,0.9916005695405319,0.9914786564529825,0.9914564120713159,832.1295906772989,829.9919469502894,814.2298726299383,1.0211364944017543e+19,1.1698178435704062e+19,27.715818792991943
166.0,1.025486707687378,0.7171428571428571,77.42055673985742,77.40724476445466,77.81518310286337,78.02274374403059,77.82448609906423,77.73152888320037,77.75459801453398,77.98120239576092,0.9913945218602889,0.9947150706741379,0.9928462140603395,0.9918117242970748,0.9915517834179327,0.9914297563908093,0.9914074753098872,832.1278622127764,829.9903623621404,814.229022421787,1.021136598314083e+19,1.1698175562171294e+19,27.42516647174318
167.0,0.9519878625869751,0.72,77.41820913478732,77.40488062538206,77.81537699374603,78.02412260225974,77.82462260941683,77.73111508348374,77.75435377868125,77.98227570917224,0.991344998238929,0.9946727869689486,0.9928000827772855,0.9917632642782299,0.991502784746509,0.9913803258091974,0.9913577913814638,832.1261257635093,829.9887749035674,814.2281705910644,1.0211367028210809e+19,1.1698172672076327e+19,27.1344998238929
168.0,1.0617845058441162,0.7228571428571429,77.41602789768949,77.40255599278025,77.81531926321331,78.0254004261922,77.82479273510107,77.73067101435736,77.7541132209124,77.98340980896027,0.9912949643948731,0.9946304096067186,0.9927538401781273,0.9917146687047201,0.9914535972015526,0.9913306596651911,0.991308017533663,832.1243831400546,829.9871843593625,814.2273171376901,1.0211368079241126e+19,1.169816976538033e+19,26.84378215377302
169.0,1.0293505191802979,0.7257142857142856,77.41358907399699,77.40016842163168,77.81565375912469,78.02683592070825,77.82490675116132,77.73028612210764,77.75385599147994,77.98444294837536,0.9912453242406672,0.9945879361098782,0.9927074807303222,0.991665921450325,0.9914041991099813,0.9912807778789737,0.9912580250776498,832.1226343424607,829.9855905148684,814.2264620450185,1.0211369136266641e+19,1.1698166841986238e+19,26.55310385263816
170.0,0.962673008441925,0.7285714285714285,77.41130888131447,77.39775283490307,77.81573097275104,78.02817727131769,77.82505857041978,77.72981272548786,77.7535907303798,77.98558637838578,0.9911948464342202,0.9945453693472318,0.9926610121188232,0.9916170524486847,0.991354674671849,0.9912308615088632,0.9912081059001833,832.1208820580662,829.9839933671922,814.225605290694,1.0211370199270533e+19,1.1698163901938838e+19,26.262341786279165
171.0,0.9634192585945129,0.7314285714285714,77.40911724786274,77.39540533646941,77.8156904659234,78.02946620499715,77.82522214456985,77.72936826695222,77.7533338182955,77.98671975348843,0.9911439088025469,0.9945026982415405,0.9926144074718009,0.9915679690513907,0.9913047999744419,0.9911802158953297,0.9911571203939123,832.1191193047819,829.9823926476278,814.2247468474328,1.0211371268370768e+19,1.1698160944912968e+19,25.971533737397547
172.0,0.9651669263839722,0.7342857142857143,77.40685812565498,77.39308445220813,77.81575620274525,78.03078976979013,77.82536910226627,77.72898010762292,77.75307851751568,77.98778778420528,0.9910932966883562,0.9944599238453689,0.9925676704208362,0.9915186931903517,0.9912546683494288,0.9911294444810956,0.991106282627733,832.1173501713138,829.9807880675935,814.2238866661622,1.0211372343569332e+19,1.1698157970901756e+19,25.68075824026419
173.0,1.0276598930358887,0.7371428571428571,77.40459571005776,77.39075694507919,77.81582248654449,78.03211591993458,77.82551549092459,77.7285934358777,77.75281806314597,77.98885568709811,0.9910427641150615,0.9944170515556598,0.9925208152058957,0.9914692812187178,0.9912044337443633,0.9910788732423242,0.9910558061661354,832.1155792932962,829.9791796759132,814.2230246961823,1.0211373424825911e+19,1.1698154980014438e+19,25.389990697220444
174.0,0.9360292553901672,0.74,77.40223030019551,77.38837294811383,77.8160414276761,78.03350843670778,77.8256408186251,77.72820450209547,77.75254202064825,77.98990822922205,0.9909922208610333,0.9943740823237864,0.9924738448062422,0.99141974545958,0.9911541168780357,0.9910283229491585,0.9910052690032353,832.1138064115223,829.9775676096565,814.2221609030096,1.0211374512142572e+19,1.1698151972243943e+19,25.099222086103335
175.0,0.9918760657310486,0.7428571428571429,77.40008886293508,77.3860326969996,77.81592903980054,78.0347688425798,77.82580835406843,77.72776582576334,77.75227077705203,77.99104800018249,0.9909409206004887,0.9943310138338739,0.9924267540327396,0.9913700681238419,0.9911036602106762,0.9909775102670955,0.990954343285835,832.1120290510239,829.9759519288964,814.2212952657046,1.0211375605552804e+19,1.1698148947496942e+19,24.808377774334577
176.0,0.9544504284858704,0.7457142857142857,77.39775601234287,77.38368361229077,77.81610093412455,78.03613849619869,77.8259358279145,77.72740198527462,77.75199398125987,77.99208199618151,0.9908899069477499,0.9942878409902328,0.9923795309958215,0.9913202105648368,0.9910529729343106,0.9909263252466989,0.9909029800254711,832.1102446679317,829.9743324532345,814.2204277605493,1.0211376705117493e+19,1.169814590560491e+19,24.517562123346426
177.0,1.0440120697021484,0.7485714285714286,77.39554406255483,77.38133724145591,77.81608768006554,78.03743970540818,77.82609000318625,77.7269951817987,77.75171387837035,77.99317981455242,0.9908385774775879,0.9942445687017976,0.9923321886773881,0.9912702231803814,0.9910021894867386,0.9908752307125287,0.9908519311879801,832.1084577041548,829.9727091947808,814.2195583591682,1.021137781080114e+19,1.1698142846663866e+19,24.22671489061593
178.0,0.9495469331741333,0.7514285714285714,77.39314510924741,77.3789276342839,77.81635769911809,78.03885515879374,77.82620474797731,77.72661819202476,77.75141563523793,77.99421889592195,0.9907873426996368,0.9942011939715087,0.9922847203049913,0.9912200836267913,0.990951247687726,0.9908239252023211,0.9908005270003741,832.1066658460292,829.9710821388389,814.2186870390327,1.0211378922644257e+19,1.1698139770561192e+19,23.93587712710653
179.0,0.9644583463668823,0.7542857142857143,77.39099950594827,77.37655395986512,77.81624579861527,78.04012211710214,77.82636817576422,77.72617056382005,77.75112245509517,77.99536961562698,0.9907352468307081,0.9941577164065303,0.9922371256030206,0.9911697931430177,0.9909001485546145,0.990772402018081,0.9907489092960287,832.1048690135739,829.9694512765604,814.2178137797691,1.0211380040662366e+19,1.1698136677252856e+19,23.644953254499377
180.0,0.9974451065063477,0.7571428571428571,77.38873215923086,77.37420754758641,77.81631955447374,78.04145542213227,77.8265054192132,77.72580275583896,77.75083062388585,77.99642374868272,0.9906833189475219,0.9941141286521025,0.9921893871704931,0.9911192941033754,0.9908487569737621,0.9907203750355563,0.9906966449635832,832.1030633442401,829.9678163633025,814.2169385542509,1.0211381164938643e+19,1.1698133566509142e+19,23.354046180466483
181.0,1.0200121402740479,0.76,77.38642255002632,77.37182235713117,77.81645133888814,78.04281635077204,77.82663407863292,77.72541998022352,77.75052732600015,77.99748286152025,0.990631425237561,0.9940704366474399,0.9921415207339795,0.991068648718382,0.9907972470959298,0.990668499702712,0.9906448406248155,832.101254840215,829.9661773536181,814.2160613252406,1.021138229542837e+19,1.1698130438451331e+19,23.0631425237561
182.0,0.9473782777786255,0.7628571428571429,77.38410648209974,77.3693960012868,77.81658644492272,78.0441839753883,77.8267625053093,77.72501080717193,77.7502122743579,77.99856759201502,0.9905791046941387,0.9940266387329935,0.9920935229101584,0.9910178467716867,0.990745584432996,0.9906164428794025,0.990592702933134,832.0994417661354,829.9645343010443,814.2151820641405,1.0211383432159594e+19,1.1698127293001005e+19,22.772196183699577
183.0,0.9137279987335205,0.7657142857142858,77.38194120810367,77.36701989099383,77.81649983227253,78.04546157557051,77.82691972303728,77.72458602352417,77.74990340192453,77.99969501829473,0.9905261925064378,0.9939827294816159,0.9920453810716717,0.9909668466162088,0.9906936655680495,0.9905639222955978,0.9905399683252538,832.0976208375199,829.9628870776432,814.2143007437824,1.0211384575197063e+19,1.1698124129979005e+19,22.481190679215203
184.0,0.9637792110443115,0.7685714285714286,77.37976511796005,77.36470297183841,77.8164421206573,78.04674364749808,77.82706969696737,77.72422616417752,77.74960315187927,78.00076093944953,0.9904735046521181,0.9939387064673186,0.991997090281064,0.990915637468812,0.9906414830023206,0.9905111208847283,0.9904870361409714,832.0957924898154,829.9612354556973,814.2134173252065,1.0211385724577257e+19,1.1698120949283744e+19,22.190207608068956
185.0,0.99342942237854,0.7714285714285715,77.3774684175849,77.36235516490414,77.81656160718994,78.04809687223751,77.82719268797955,77.72389214527793,77.7492919469485,78.0017803483759,0.9904212241681841,0.9938945766512512,0.9919486688553112,0.9908642902972239,0.9905892255657044,0.9904586022982119,0.9904346506329069,832.0939627529216,829.9595794850317,814.2125317667221,1.0211386880246034e+19,1.1698117751062358e+19,21.899265273961266
186.0,0.9494213461875916,0.7742857142857144,77.37516832160763,77.3599538856186,77.81667505409568,78.04945439875591,77.82731924691761,77.72351487869746,77.74896631079609,78.00284089451888,0.9903686271309726,0.9938503429647587,0.9919001247503644,0.9908128332715923,0.9905369421430219,0.9904061912109361,0.9903822931344485,832.092132029041,829.9579194126186,814.2116440467172,1.0211388042187284e+19,1.1698114535357604e+19,21.608291284525826
187.0,0.9361572861671448,0.7771428571428571,77.37297564088367,77.35757063487544,77.81662973797647,78.05074960570782,77.8274664270837,77.72311676766257,77.74864009742741,78.00394144736929,0.990315409637496,0.9938059997827916,0.9918514446334838,0.990761217987423,0.9904844907202972,0.9903533623076958,0.9903292712675313,832.0902951921577,829.9562552682677,814.2107541589038,1.0211389210467398e+19,1.169811130198581e+19,21.317255249463884
188.0,0.9937193989753723,0.78,77.37076540100388,77.35521856853738,77.81661772141233,78.05205460668076,77.82760611036501,77.72275823751697,77.74831626405357,78.00500169188017,0.9902621911540302,0.9937615433619963,0.99180262010926,0.9907094178961356,0.9904318116205584,0.9903001716663158,0.9902759126043178,832.0884509460658,829.9545868663422,814.2098620897995,1.0211390385135348e+19,1.1698108050811085e+19,21.026219115403023
189.0,1.0032130479812622,0.7828571428571429,77.3684415565338,77.3528176035732,77.81677035936154,78.05343026604969,77.82772268389526,77.72240835478878,77.74797750914585,78.00603455003584,0.9902091148998629,0.9937169771933485,0.9917536607890808,0.9906574712548498,0.9903790104520797,0.9902470322350856,0.9902227984537498,832.0866030359754,829.952914164746,814.2089678175847,1.0211391566170503e+19,1.1698104781888584e+19,20.735197204271994
190.0,1.0653027296066284,0.7857142857142858,77.3661570362281,77.35037842923775,77.81685377414105,78.05478228821885,77.82785104534996,77.7220119046804,77.74762911298312,78.00712062442908,0.9901555202750004,0.9936723012326156,0.9917045673149013,0.99060538111651,0.9903260853962439,0.9901937684812104,0.9901694781541133,832.0847509479835,829.9512372330214,814.208071326634,1.0211392753585908e+19,1.169810149518102e+19,20.444123456071463
191.0,0.972318708896637,0.7885714285714286,77.36377789610997,77.34787703230977,77.81707644370617,78.05619414600078,77.82796162902086,77.72160617205081,77.74726256554713,78.00819872786523,0.9901015008320188,0.993627509363962,0.9916553253333575,0.9905530982212438,0.9902729111844244,0.9901400275509995,0.9901155156668962,832.0828907517931,829.949555942304,814.2071726019242,1.0211393947453467e+19,1.169809819048957e+19,20.153007226059017
192.0,1.0870946645736694,0.7914285714285715,77.36161990948021,77.34541797959245,77.81696733309654,78.05747650931589,77.82811439979996,77.7211515171919,77.7469006852596,78.0093629775918,0.9900465219362029,0.9935825958151931,0.9916059215710632,0.99050058050409,0.9902193981160948,0.99008569898422,0.9900609121394374,832.0810202411733,829.9478700290044,814.2062716148923,1.0211395147842423e+19,1.1698094867622683e+19,19.861795050763142
193.0,0.9815213680267334,0.7942857142857144,77.35917755910195,77.34290427081287,77.81728727406589,78.0589283628622,77.82820983539277,77.72077376812813,77.74652155169751,78.0104074532981,0.9899918701390172,0.9935375546683866,0.991556342712175,0.9904477901976151,0.9901654869563783,0.990030875147445,0.9900058646300114,832.0791386986425,829.946179082161,814.2053683134443,1.0211396354824348e+19,1.169809152638241e+19,19.570615585330287
194.0,0.8772826790809631,0.7971428571428572,77.35702812061645,77.34042229102924,77.81716279733227,78.06021026424132,77.82836010009923,77.72030569011694,77.74614885858027,78.01158702735556,0.9899362757269058,0.9934923889449612,0.9915065976531028,0.9903947683051175,0.9901113064964719,0.9899759284256537,0.9899508582416418,832.0772505047648,829.9444829863686,814.204462632211,1.0211397568384715e+19,1.1698088166807095e+19,19.279341858404862
195.0,1.0810682773590088,0.8,77.35496385577135,77.33807759773917,77.8169390104129,78.06143666682765,77.82852210836135,77.71993032753817,77.7457993505639,78.0126974191633,0.9898807572781886,0.9934470892894701,0.9914566646131373,0.9903414462999485,0.9900567033096043,0.9899203629456395,0.9898950121863698,832.0753508723013,829.9427814508932,814.2035545015392,1.021139878862867e+19,1.1698084788606622e+19,18.988075727818853
196.0,1.049897313117981,0.8,77.35245141987689,77.33560568741522,77.81738865801599,78.0629343259614,77.82859119363711,77.71963205163483,77.74541405374184,78.01365730755496,0.989826500192341,0.9934016673781594,0.9914065742022846,0.9902879447164609,0.9900020096522401,0.9898653471396625,0.9898402652937159,832.0734507340436,829.9410744823878,814.2026438453503,1.0211400015458994e+19,1.1698081392046277e+19,18.982650019234093
197.0,0.9669564366340637,0.8,77.35017461185343,77.33306447016075,77.81744339062134,78.06428914256394,77.82872087000287,77.71916806437075,77.74502569647738,78.01481000038329,0.9897710060598417,0.9933561304096288,0.9913563451944822,0.9902343300000205,0.9899473537392264,0.9898106153245424,0.9897856567746662,832.0715518877803,829.9393625906537,814.2017306238496,1.0211401248819923e+19,1.169807797727759e+19,18.977100605984166
198.0,0.9761187434196472,0.8,77.34801389016211,77.33060703538358,77.81733943307772,78.06557322882581,77.82886852464871,77.71872966490336,77.74465268083149,78.01595922054257,0.9897147349241555,0.9933104604699061,0.9913059340601061,0.9901804469706973,0.9898923176774704,0.9897548093759596,0.9897293480216611,832.0696402378243,829.9376456291874,814.2008148206212,1.0211402488898195e+19,1.1698074543786508e+19,18.971473492415548
199.0,0.994533121585846,0.8,77.34575473465956,77.32818268258124,77.81738819369347,78.0669125891989,77.82899461984634,77.71836229042383,77.74428573790355,78.01702391363214,0.9896589538979516,0.9932646582815012,0.9912553441845566,0.9901263179283158,0.9898369913841911,0.9896987931197129,0.9896732447573244,832.0677202718476,829.9359232531029,814.1998963952706,1.0211403735702487e+19,1.169807109154766e+19,18.96589538979515
